id,address,version,platform,pid,byte,name,size,length,scr,description,offset
418,5241088,1.16.1,0,-141977,0,Filename for Lastreplay,12,1,,Contains the string &quot;LastReplay&quot;.,0x4FF900
419,5241100,1.16.1,0,0,0,Replay Speed Limiters,4,7,,The speed in milliseconds to spend each frame during a replay. The array index is dependant on the game speed.,0x4FF90C
420,5241128,1.16.1,0,0,0,Replay Command Table,16,2,,Contains the replay commands &quot;show&quot; and &quot;hide&quot; along with function pointers.,0x4FF928
421,5241160,1.16.1,0,0,0,Replay show command modifiers,32,12,,Contains sub-commands and leaderboard values to use in the &quot;/replay show&quot; command.,0x4FF948
422,5241552,1.16.1,0,0,0,Menu Info Array,12,27,,"Contains the menu index, background index, and menu path.",0x4FFAD0
423,5241888,1.16.1,0,0,0,Campaign List Info,8,85,,Contains the campaign listing info. <br>WORD gluHist.tbl index<br>WORD mapdata.dat index<br>WORD cinematic index<br>BYTE race index<br>BYTE bonus flag<br>,0x4FFC20
523,5242720,1.16.1,0,0,0,Establishing shot pointers,8,65,,64 entries defining campaign mission prologue/establishing shots<br>1 entry defining campaign mission epilogue (hybrids bonus mission)<br><br>INT pointer to script filename<br>INT mapdata.dat index,0x4FFF60
424,5292032,1.16.1,0,0,0,cInit Constructor Function Table,4,310,,Standard C-Runtime. Generated by Visual C++.,0x50C000
522,5317280,1.16.1,0,0,0,Campaign list pointers,4,6,,"Pointer to memory location of details of first mission in SC zerg, SC terran, SC protoss, BW zerg, BW terran and BW protoss campaigns<br><br>Data pointed to:<br>http://farty1billion.dyndns.org/EUDDB/?pg=entry&amp;id=423",0x5122A0
425,5317304,1.16.1,0,0,0,Current Cinematic ID,4,1,,An index for the currently playing cinematic.,0x5122B8
426,5317848,1.16.1,0,-122787,0,Game Speed Refresh Rate,4,7,Simple Data,Contains the value in milliseconds required for each frame. Array index dependant on game speed...,0x5124D8
427,5317876,1.16.1,0,0,0,Replay Speed Refresh Rate,4,7,,Contains the time in milliseconds spent each frame. Array index dependent on game speed.,0x5124F4
428,5317904,1.16.1,0,0,0,Image Update Functions,8,18,,An array of image functions. The array is officially called sgUpdateFuncs.,0x512510
429,5318048,1.16.1,0,-122737,0,Image Drawing Functions,12,18,,This corresponds to a value in images.dat. The official name for this array is sgDrawFuncs.<br><br>Structure:<br>+0x0 id<br>+0x4 normal draw function pointer<br>+0x8 mirror draw function,0x5125A0
430,5318264,1.16.1,0,-122683,0,Active Nation ID,4,1,Backed By Code,This is the same as Human ID unless you are playing Team Melee. The official name for this is g_ActiveNationID.,0x512678
431,5318268,1.16.1,0,-122682,0,Active Human ID,4,1,Backed By Code,This is your player ID. The official name for this is g_ActiveHumanID.,0x51267C
432,5318272,1.16.1,0,-122681,0,Active Storm ID,4,1,Unsupported,"This is your active storm ID, which is different from your player ID. The official name for this is g_ActiveStormID.",0x512680
433,5318276,1.16.1,0,-122680,0,Local Nation ID,4,1,Backed By Code,The official name for this is g_LocalNationID.<br><br>P1: 00<br>P2: 01<br>P3: 02<br>etc.,0x512684
434,5318280,1.16.1,0,0,0,Local Human ID,4,1,,The official name for this is g_LocalHumanID.,0x512688
435,5318284,1.16.1,0,-122678,0,Local Storm ID,4,1,Unsupported,The official name for this is g_LocalStormID.,0x51268C
436,5318288,1.16.1,0,0,0,Cinematic File Name Array,4,28,,Contains string pointers for the file names of all game cinematics.,0x512690
437,5318400,1.16.1,0,0,0,Race Filename Modifiers,8,1,,"Contains 3 bytes &quot;ztp&quot; used when loading race-specific files, like the user HUD for example.",0x512700
438,5318408,1.16.1,0,0,0,Cursor Filename Array,4,19,,Contains pointers to a string for each cursor image.,0x512708
439,5318484,1.16.1,0,-122628,0,Cursor Scroll Type Modifiers,2,10,Unsupported,Contains the index for the cursor used for scrolling.,0x512754
440,5318620,1.16.1,0,0,0,Tileset Color Cycle Pointers,4,9,,Contains pointers to the tileset color cycle data. Array index dependant on tileset.,0x5127DC
441,5318656,1.16.1,0,0,0,Trigger Action Function Array,4,60,,Contains function pointers for all trigger actions.,0x512800
925,5323624,1.16.1,0,-121343,0,Mouse and Keyboard Scroll Speed,7,7,Supported,"Edited by PereC, 2021.04.12<br>For SC:R,<br>In menu - Options - Speed, you can set Key Scroll Speed and Mouse Scroll Speed, each has 7 levels.<br>For each level, the Scroll Speed has 7 different values, each 1 byte.<br>level 1: 0x513B68, 0x513B69, 0x513B6A, ..., 0x513B6E<br>level 2: 0x513B6F, 0x513B70, 0x513B71, ..., 0x513B72<br>...<br>level 7: 0x513B92, 0x513B93, 0x513B94, ..., 0x513B98<br><br>If you set all the 7 bytes of level2 to 0, then you can&#039;t scroll the screen by mouse if you set the Mouse Scroll Speed to level2 in game, but you can still scroll screen by keyboard if Key Scroll Speed is not in level2.<br>If you set all the 49 bytes to 0, then you can&#039;t scroll the screen using mouse or keyboard.<br><br>See: https://cafe.naver.com/edac/39325",0x513B68
926,5323624,1.16.1,0,-121343,0,Mouse Scroll Speed Array,7,7,Supported,Amount of Mouse Scroll Speed. Array index dependent on mouse scroll level (0 to 6).,0x513B68
758,5325176,1.16.1,0,-120955,0,Unit Reqs data,1090,1,Simple Data,"Packed list of opcodes/parameters for data requiremens.<br><br>First u16 is the unit ID for the script, followed by the script. 0x##FF is an opcode, 0x##00 is a parameter, FFFF is the end of the script.",0x514178
759,5326272,1.16.1,0,-120681,0,Upgrade Reqs data,838,1,Simple Data,,0x5145C0
760,5327112,1.16.1,0,-120471,0,Research Req Data,318,1,Simple Data,,0x514908
761,5327432,1.16.1,0,-120391,0,Tech Use Req Data,688,1,Simple Data,,0x514A48
762,5328120,1.16.1,0,-120219,0,Order Req Data,1316,1,Simple Data,,0x514CF8
572,5331608,1.16.1,0,0,0,Trigger Condition Function Array,4,24,,Contains function pointers for all trigger conditions.,0x515A98
825,5331844,1.16.1,0,-119288,0,Damage type/factor multipliers vs unit size,20,5,,"Weapon damage typa, against each unit size<br><br>struct {<br>  int id;<br>  int multipliers[4]; // independant = 0, small = 1, medium = 2, large = 3<br>} dmgMultiplier;<br><br>dmgMultiplier weaponDamageTypes[5]; // Independent, Explosive, Concussive, Normal, Ignore Armor<br><br>Values are represented as a fraction of 256, so 256 = 100% damage, 512 = 200% damage, 64 = 25% damage. <br><br>The minimum amount of damage able to be done is 0.5, so a 0 multiplier means any attack will do .5 damage. Independent is the the unit size used for powerups<br>such as data disc, and hence this is why they take 0.5 damage from each hit and take a long time to kill.<br><br>Weapon factor is applied after subtracting unit armor from the weapon&#039;s damage.<br><br>Independent damage<br>0x515B88  vs independent - 0<br>0x515B8C  vs small       - 0<br>0x515B90  vs medium      - 0<br>0x515B94  vs large       - 0<br>Explosive damage<br>0x515B9C  vs independent - 0<br>0x515BA0  vs small       - 128<br>0x515BA4  vs medium      - 192<br>0x515BA8  vs large       - 256<br>Concussive damage<br>0x515BB0  vs independent - 0<br>0x515BB4  vs small       - 256<br>0x515BB8  vs medium      - 128<br>0x515BBC  vs large       - 64<br>Normal damage<br>0x515BC4  vs independent - 0<br>0x515BC8  vs small       - 256<br>0x515BCC  vs medium      - 256<br>0x515BD0  vs large       - 256<br>Ignore armor<br>0x515BD8  vs independent - 0<br>0x515BDC  vs small       - 256<br>0x515BE0  vs medium      - 256<br>0x515BE4  vs large       - 256<br>",0x515B84
633,5343208,1.16.1,0,-116447,0,s_button Offset,12,250,Backed By Code,+0x00 (EPD -116447)<br>Number of available buttons.<br>0 = Button disabled<br><br>+0x04 (EPD -116446)<br>s_button Address.<br><br>+0x08 (EPD -116445)<br>Unknown.<br><br>0 ~ 227 = Units buttons<br>228 ~ 249 = Internal buttons (228 = Blank),0x5187E8
927,5346208,1.16.1,0,-115697,0,Unit Infomation,12,228,See Description,"Edited by PereC, 2021-06-05<br>In SC:R, 64-bit starcraft ignores this part. You are suggested to use 32-bit starcraft if this part of memory is modified by EUD triggers.<br>+0x0: Unit ID<br>+0x4: Status Function<br>+0x8: Display Function",0x5193A0
573,5348944,1.16.1,0,0,0,Mission Briefing Action Function Array,4,10,,Contains function pointers for all mission briefing actions.,0x519E50
763,5350016,1.16.1,0,-114745,0,Player 1 Trigger List,4,3,Backed By Code,,0x51A280
764,5350028,1.16.1,0,-114742,0,Player 2 Trigger List,4,3,Backed By Code,,0x51A28C
765,5350040,1.16.1,0,-114739,0,Player 3 Trigger List,4,3,Backed By Code,,0x51A298
766,5350052,1.16.1,0,-114736,0,Player 4 Trigger List,4,3,Backed By Code,,0x51A2A4
767,5350064,1.16.1,0,-114733,0,Player 5 Trigger List,4,3,Backed By Code,,0x51A2B0
768,5350076,1.16.1,0,-114730,0,Player 6 Trigger List,4,3,Backed By Code,,0x51A2BC
769,5350088,1.16.1,0,-114727,0,Player 7 Trigger List,4,3,Backed By Code,,0x51A2C8
770,5350100,1.16.1,0,-114724,0,Player 8 Trigger List,4,3,Backed By Code,,0x51A2D4
830,5360148,1.16.1,0,-112212,0,Last Random Number,4,1,Simple Data,"Randomization seed for the next random number, mask with 0x7FFF0000 for the last returned number.<br><br>int getRandomNumber(){<br>  lastRandomNumber = lastRandomNumber * 0x15A4E35 + 1;<br>  return (lastRandomNumber &gt;&gt; 16) &amp; 0x7FFF;<br>}",0x51CA14
649,5361284,1.16.1,0,-111928,0,Network Mode Delay,4,1,Read Only,"1 in single player, 2 in LAN, 5 on battle.net.<br><br>Described at http://wiki.teamliquid.net/starcraft/LatencyChanger<br><br>Editted by PereC, 2021.03.31:<br>In SC:R, the value is always 1000",0x51CE84
650,5361288,1.16.1,0,-111927,0,Network Mode Delay 2,4,1,,"Appears to be a duplicate of 0x0051CE84. Not sure which value is the one that is actually used.<br><br>Editted by PereC, 2021.03.31:<br>In SC:R, the value is always 1000",0x51CE88
571,5361292,1.16.1,0,0,0,Inverse System Time,4,1,,Value : -GetTickCount()<br> (about 10ms error)<br>Used for input polling. See .text:004D98D8 for more info. Can be used to detect lagging<br>or syncing with game audio.,0x51CE8C
771,5361304,1.16.1,0,-111923,0,Fog of War Update Counter,4,1,Simple Data,Set to 0 to update FoW.<br><br>Toggle between 0 and 1 in separate trigger cycles to fast update FoW.<br><br>With single frame hypers: (see 0x006509A0)<br>Set to 1 to fast update Fog of War.<br>Set to 0 to never Fog of War revealed areas. (ie. &quot;war ain&#039;t what it used to be&quot; cheat),0x51CE98
647,5361360,1.16.1,0,-111909,0,GRP Array,4,999,Read Only,Pointer to each GRP for each images.dat entry,0x51CED0
442,5370536,1.16.1,0,-109615,0,Images Attack Overlay Array,4,999,Read Only,Pointers to GRP handles for all images.,0x51F2A8
443,5374532,1.16.1,0,-108616,0,Images Damage Overlay Array,4,999,Read Only,Pointer to LO? handles for all images.dat entries.,0x520244
444,5378528,1.16.1,0,-107617,0,Images Special Overlay Array,4,999,Read Only,Pointer to LO? handles for all images.dat entries.,0x5211E0
445,5382524,1.16.1,0,-106618,0,Images Landing Dust Overlay Array,4,999,Read Only,Pointer to LO? handles for all images.dat entries.,0x52217C
446,5386520,1.16.1,0,-105619,0,Images Liftoff Dust Overlay Array,4,999,Read Only,Pointer to LO? handles for all images.dat entries.,0x523118
668,5390544,1.16.1,0,-104613,0,Images Damage Overlay Frame,1,999,Simple Data,,0x5240D0
447,5432776,1.16.1,0,0,0,Images Shield Overlay Array,4,999,,Pointer to GRP handles for all images.,0x52E5C8
448,5436776,1.16.1,0,-93055,0,Images Array,64,5000,Read Only,The array of images currently processed in the game.,0x52F568
669,5761896,1.16.1,0,-11775,0,First Image Pointer,4,1,Read Only,Pointer to the first CImage instance.,0x57EB68
670,5761904,1.16.1,0,-11773,0,Last Image Pointer,4,1,Read Only,Pointer to the last CImage instance.,0x57EB70
449,5762684,1.16.1,0,-11578,0,Player Human IDs,4,8,Unsupported,The Human ID for each player.llll,0x57EE7C
195,5762716,1.16.1,0,-11570,0,Player Name,25,1,Unsupported,If you are playing as &#039;asdf&#039; then you will find on that address: &#039;asdf&#039;,0x57EE9C
450,5762752,1.16.1,0,-11561,0,Player Nation IDs,4,8,Unsupported,The Nation ID for each player.,0x57EEC0
451,5762784,1.16.1,0,-11553,0,Active Player Structures,36,12,Backed By Code,"A structure for each player containing their HumanID, StormID, Type, Race, Team, and Name.<br>+0x00 = HumanID (4 bytes)<br>+0x04 = StormID (4 bytes)<br>+0x08 = Type (1 byte; 0 = inactive, 1 = computer, 2 = human, 3 = rescuable, 7 = neutral)<br>+0x09 = Race (1 byte; 0 = zerg, 1 = terran, 2 = protoss)<br>+0x0A = Team (1 byte)<br>+0x0B = Name (25 bytes)",0x57EEE0
453,5763220,1.16.1,0,0,0,Last Whisper Player,25,1,,The name of the player that last whispered you (in-game only).,0x57F094
454,5763248,1.16.1,0,0,0,Vision Filter,4,1,,A shared vision filter used for changing the player&#039;s vision settings.,0x57F0B0
455,5763252,1.16.1,0,-11436,0,Multiplayer Mode,4,1,Read Only,A boolean value that specifies if the game is Single or Multi player. The official name for this field is gbMultiPlayerMode.<br>0=single<br>1=Multi,0x57F0B4
456,5763256,1.16.1,0,-11435,0,Network Player Status Array,4,8,Unsupported,An array containing flags for each player&#039;s network status.,0x57F0B8
457,5763288,1.16.1,0,0,0,Network Maximum Buffer Size,4,1,,A value indicating the maximum size for the command buffer that the network provider allows.,0x57F0D8
458,5763292,1.16.1,0,-11426,0,Main Menu Dialog Handle,4,1,Unsupported,A handle to the main menu BIN dialog.,0x57F0DC
459,5763312,1.16.1,0,-11421,0,Player Minerals,4,12,Simple Data,The current amount of minerals the player has.,0x57F0F0
460,5763360,1.16.1,0,-11409,0,Player Gas,4,12,Simple Data,The current amount of gas the player has.,0x57F120
461,5763408,1.16.1,0,-11397,0,Player Total Gas Harvested,4,12,Simple Data,The total gas the player has ever harvested,0x57F150
462,5763456,1.16.1,0,-11385,0,Player Total Minerals Harvested,4,12,Simple Data,The total minerals the player has ever harvested,0x57F180
774,5763504,1.16.1,0,-11373,0,Starting Player Local ID,4,1,Simple Data,,0x57F1B0
775,5763508,1.16.1,0,-11372,0,Player Slot Types,1,12,Simple Data,,0x57F1B4
776,5763520,1.16.1,0,-11369,0,Player Slot Races,1,12,Simple Data,,0x57F1C0
777,5763532,1.16.1,0,-11366,0,Team Game Main Player,1,4,Simple Data,,0x57F1CC
778,5763536,1.16.1,0,-11365,0,Screen Tile Position,2,2,Simple Data,,0x57F1D0
665,5763540,1.16.1,0,-11364,0,MapSize,2,2,Simple Data,2byte Width<br>2byte Height<br><br>width + 65536*height,0x57F1D4
779,5763544,1.16.1,0,-11363,0,Messsage Send To Filter,2,2,Simple Data,,0x57F1D8
780,5763546,1.16.1,0,-11363,2,Message Player Filter,2,2,Simple Data,Should be within the previous entry,0x57F1DA
463,5763548,1.16.1,0,-11362,0,Tileset,2,1,Simple Data,The current tileset ID being used.<br><br>Changing to 1 will turn null terrain into Space with stars (Space platform tileset),0x57F1DC
781,5763550,1.16.1,0,-11362,2,Current Music,2,2,Simple Data,,0x57F1DE
782,5763552,1.16.1,0,-11361,0,BWGame Unk_f0,1,1,Simple Data,,0x57F1E0
464,5763553,1.16.1,0,-11361,1,Active Player Count,1,1,Simple Data,The number of active players in the game.,0x57F1E1
465,5763554,1.16.1,0,-11361,2,Console Index,1,1,Simple Data,A value indicating which console GUI should be displayed.<br><br>0 = zerg<br>1 = terran<br>2 = protoss,0x57F1E2
783,5763555,1.16.1,0,-11361,3,Is Custom Single Player,1,1,Simple Data,,0x57F1E3
784,5763556,1.16.1,0,-11360,0,BWGame unk_f4,4,1,Simple Data,,0x57F1E4
785,5763560,1.16.1,0,-11359,0,BWGame unk_f8,4,1,Simple Data,,0x57F1E8
466,5763564,1.16.1,0,-11358,0,Shared Vision,4,12,Simple Data,"The shared vision values for each player.<br><br>StarCraft does not draw vision for players 9-12, but they can see players that have visioned with them and players can detect units they have shared vision with..",0x57F1EC
467,5763612,1.16.1,0,-11346,0,Player Color Mapping,4,8,Simple Data,A mapping of the player&#039;s colors.,0x57F21C
468,5763644,1.16.1,0,-11338,0,Elapsed Time,4,1,Simple Data,"The elapsed game time (in game ticks, ~42ms per tick on fastest).",0x57F23C
786,5763648,1.16.1,0,-11337,0,Saved Elapsed Seconds,4,1,Simple Data,,0x57F240
469,5763652,1.16.1,0,-11336,0,Campaign Index,2,1,Simple Data,A value indicating which campaign is being played.,0x57F244
470,5763654,1.16.1,0,-11336,2,Next Scenario name,32,1,Simple Data,"The name of the next scenario, set using the Set Next Scenario trigger.",0x57F246
787,5763686,1.16.1,0,-11328,2,Single Player Race,1,1,Simple Data,,0x57F266
788,5763687,1.16.1,0,-11328,3,Single Player Computer Races,1,8,Simple Data,,0x57F267
789,5763695,1.16.1,0,-11326,3,BWGame unk_17F,1,1,Simple Data,,0x57F26F
790,5763696,1.16.1,0,-11325,0,Saved Screen Positions,4,3,Simple Data,Pos 1: -11325<br>X + 65536*Y<br><br>Pos 2: -11324<br>X + 65536*Y<br><br>Pos 3: -11323<br>X + 65536*Y,0x57F270
648,5763708,1.16.1,0,-11322,0,Player Units available,228,12,Simple Data,"1 row of 228 bytes, 1 per unit, per player<br><br>offset + (Cp * 228) + 100",0x57F27C
791,5766444,1.16.1,0,-10638,0,BWGame unk_c3c,1,8,Simple Data,,0x57FD2C
471,5766452,1.16.1,0,-10636,0,Last Event Position,4,2,Simple Data,A POINT structure containing the position of the last event that occured (spacebar).<br><br>PlayerID + 1 for Y position,0x57FD34
472,5766460,1.16.1,0,-10634,0,Map File Name,260,1,Simple Data,The current map&#039;s file name.,0x57FD3C
473,5766720,1.16.1,0,-10569,0,Map Title,32,1,Simple Data,The current map&#039;s title.,0x57FE40
557,5766752,1.16.1,0,-10561,0,Hotkeyed Unit,864,8,Simple Data,"Purpose<br><br><br>To detect the hotkey and then the slot that a unit is stored in and/or the unit <br><br>that is stored in a slot within a hotkey for any player. <br><br><br>Math<br><br><br>The total amount of units that can be hotkeyed<br>is 12.<br><br>There are 18 hotkeys in existence.<br><br>12 * 18 = 108 <br><br>108 is the total amount of EPD values for each<br>player.<br><br>	If we want to check if there&#039;s a unit in the<br>	seventh slot within the hotkey CTRL+0 for<br>	Player 1, <br><br>	-10561 + 7 = -10555.<br><br>	If we want to check if there&#039;s a unit in the<br>	first slot within the hotkey CTRL+1 for Player<br>	1,<br><br>	-10561 + 12 = -10550.<br><br>	If we want to check if there&#039;s a unit in<br>	the first slot within the hotkey CTRL+0 for<br>	Player 2,<br><br>	-10561 + 109 = -10452.<br><br>12 * 9 * 8 = 864<br><br>864 is the total combined number of all players&#039; EPD<br>value.<br><br>	We can check any slots within any hotkeys for <br>	any player to detect if any unit exist. <br><br>		At least 1<br><br>	We can check any slots within any hotkeys for<br>	any player to detect if no unit exist.<br><br>		At least 3749<br><br>	but what if we want to detect if a specific unit<br>	within the map is hotkeyed in a certain slot?<br>                       <br>Unit alpha ID (Unit Entity)<br><br>Index #        Alpha ID<br>0	       2049<br>1	       3748 [+1700]<br>2	       3747 [-1]<br>3	       3746 [-1]<br><br>Confused? Hint: http://www.staredit.net/topic/14226/ (Read Section 6)<br><br>^^^^^^^Parts of this seem to be wrong.<br><br>This is the magic formula:<br>with the variables<br><br>p = player number (starting at 0 up to 7)<br>h = hotkey number<br>i = index in a hotkey (starting at 0 up to 11)<br>u = unit id<br><br>then if player p has unit u hotkeyed in index i of hotkey h, we have, for u &gt; 0<br>memory(-10561+(p*216)+(h*12)+i) == 3749 - u,<br>and for u = 0,<br>memory(-10561+(p*216)+(h*12)+i) == 2049.<br><br>==============<br>Edited by PereC, 2021.06.25:<br>Each u32 stores the Alpha ID of a hotkeyed unit:<br>Starting from 0x57FE60: All the hotkeyed unit of P1<br>0x57FE60: Alpha ID of the 1st unit in P1 hotkey 0<br>0x57FE64: Alpha ID of the 2nd unit in P1 hotkey 0<br>0x57FE68: Alpha ID of the 3rd unit in P1 hotkey 0<br>...<br>0x57FE60 + 4 * 11: Alpha ID of the 12th unit in P1 hotkey 0<br>0x57FE60 + 4 * 12: Alpha ID of the 1st unit in P1 hotkey 1<br>0x57FE60 + 4 * 13: Alpha ID of the 2nd unit in P1 hotkey 1<br>...<br>0x57FE60 + 4 * 119: Alpha ID of the 12th unit in P1 hotkey 9<br>From 0x57FE60 + 4 * 120 to 0x57FE60 + 4 * 216: ??????<br>-----------<br>Starting from 0x57FE60 + 216: All the hotkeyed unit of P2<br>-----------<br>Starting from 0x57FE60 + 216 * 2: All the hotkeyed unit of P3<br>-----------<br>...<br>-----------<br>Starting from 0x57FE60 + 216 * 7: All the hotkeyed unit of P8<br>-----------<br><br>Personally I don&#039;t know why there are 864 bytes for each player. Intuitively there should be 4 * 12 * 10 = 480 bytes for each player, cuz there are 10 hotkeys and 12 units within a hotkey.<br><br><br><br>======================================<br>Further written by AINukeHere. (2021.08.24)<br>The above is very confusing because there are many wrong parts.<br><br>There are 12 unit slots for each hotkey, and each unit ID (Alpha ID) is 4 bytes.<br>That is, 48 bytes per hotkey.<br>Each player holds 18 hotkeys.<br>The 10 hotkeys (indices 0 to 9) are hotkeys designated by Ctrl+Number.<br>The remaining 8 (indices 10 to 17) hotkeys are units that are automatically saved whenever multiple units are selected.<br>It can be selected with Alt+Left Mouse Click.<br><br>So the allocated memory per player is 4*12*18 = 864 bytes.",0x57FE60
792,5773664,1.16.1,0,-8833,0,BWGame unk_2870,1,1024,Simple Data,,0x581960
793,5774688,1.16.1,0,-8577,0,Default Message Filter,1,1,Simple Data,Controls who you chat with when pressing Enter. (To Allies: hello)<br><br>0 = Player0<br>1 = Player1<br>2 = Player2<br>3 = Player3<br>4 = Player4<br>5 = Player5<br>6 = Player6<br>7 = Player7<br>8 = All<br>9 = Allies,0x581D60
794,5774689,1.16.1,0,-8577,1,Player Lose Type,1,1,Simple Data,,0x581D61
795,5774690,1.16.1,0,-8577,2,Player Left,1,8,Simple Data,,0x581D62
407,5774698,1.16.1,0,-8575,2,Player Selection Circle Colors,1,12,Simple Data,Each byte sets the color of the selection circle:<br>000 - Green<br>001 - Yellow<br>002 - Red<br>017 - Grey Blue*<br>136 - Light Grey*<br>138 - Dark Grey*<br>Higher values can give different colors (most give solid black.) Asterisk colors are inconsistent.<br><br>p1 = -8575 with mask 0x00FF0000<br>p2 = -8575 with mask 0xFF000000<br>p3 = -8574 with mask 0x000000FF<br>p4 = -8574 with mask 0x0000FF00<br>p5 = -8574 with mask 0x00FF0000<br>p6 = -8574 with mask 0xFF000000<br>p7 = -8573 with mask 0x000000FF<br>p8 = -8573 with mask 0x0000FF00<br>p9 = -8573 with mask 0x00FF0000<br>p10 = -8573 with mask 0xFF000000<br>p11 = -8572 with mask 0x000000FF<br>p12 = -8572 with mask 0x0000FF00,0x581D6A
405,5774710,1.16.1,0,-8572,2,Unit Color Table,8,12,Simple Data,Each byte corresponds to a palette index used for each player color.<br>(The low values for the starting address is the selection circle color for players 11 and 12. Usually 0x0101 ... See that address for details.),0x581D76
406,5774806,1.16.1,0,-8548,2,Minimap Color Table,1,12,Simple Data,"Each byte references a palette index.<br>This table is immediately after the unit color table, so the low value is the last 2 bytes of Player 12&#039;s unit color.",0x581DD6
796,5774818,1.16.1,0,-8545,2,BWGame unk_2cf2,1,2,Simple Data,,0x581DE2
474,5774820,1.16.1,0,-8544,0,Score Total Units Produced,4,12,Simple Data,"Appears to be flipped; units owned, and not produced.",0x581DE4
475,5774868,1.16.1,0,-8532,0,Score Units Produced,4,12,Simple Data,"Appears to be flipped; units owned, and not produced.",0x581E14
476,5774916,1.16.1,0,-8520,0,Score Units Owned,4,12,Simple Data,"Appears to be flipped; to be units produced, and not owned.",0x581E44
477,5774964,1.16.1,0,-8508,0,Number of Units Lost,4,12,Simple Data,Deaths for &quot;Any Unit&quot; stored here.,0x581E74
478,5775012,1.16.1,0,-8496,0,Number of Units Killed,4,12,Simple Data,Kills for &quot;Any Unit&quot; stored here.,0x581EA4
479,5775060,1.16.1,0,-8484,0,Score Unit Total,4,12,Simple Data,,0x581ED4
480,5775108,1.16.1,0,-8472,0,Score Kill Total,4,12,Simple Data,,0x581F04
481,5775156,1.16.1,0,-8460,0,Score Structures Constructed Total,4,12,Simple Data,,0x581F34
482,5775204,1.16.1,0,-8448,0,Number of Buildings Constructed,4,12,Simple Data,,0x581F64
521,5775252,1.16.1,0,-8436,0,Number of Buildings Owned,4,12,Simple Data,,0x581F94
483,5775300,1.16.1,0,-8424,0,Number of Buildings Lost,4,12,Simple Data,Deaths for &quot;Buildings&quot; stored here.,0x581FC4
484,5775348,1.16.1,0,-8412,0,Number of Buildings Razed,4,12,Simple Data,Kills for &quot;Buildings&quot; stored here.,0x581FF4
485,5775396,1.16.1,0,-8400,0,Buildings Score,4,12,Simple Data,"Score for &quot;Buildings&quot;, or buildings produced.",0x582024
486,5775444,1.16.1,0,-8388,0,Razings Score,4,12,Simple Data,"Score for &quot;Razings&quot;, or buildings killed.",0x582054
487,5775492,1.16.1,0,-8376,0,Number of Factories Constructed,4,12,Simple Data,,0x582084
488,5775540,1.16.1,0,-8364,0,Number of Factories Owned,4,12,Simple Data,,0x5820B4
489,5775588,1.16.1,0,-8352,0,Number of Factories Lost,4,12,Simple Data,Deaths for &quot;Factories&quot; stored here.,0x5820E4
772,5775636,1.16.1,0,-8340,0,Number of Factories Razed,4,12,Simple Data,Kills for &quot;Factories&quot; stored here.,0x582114
490,5775684,1.16.1,0,-8328,0,Zerg Control Available,4,12,Simple Data,"4 bytes per player<br><br>Despite being 4 bytes, the game will only display it as uint16 and will wrap around after 65536.",0x582144
491,5775732,1.16.1,0,-8316,0,Zerg Control Used,4,12,Simple Data,"4 bytes per player<br><br>Despite being 4 bytes, the game will only display it as uint16 and will wrap around after 65536.",0x582174
492,5775780,1.16.1,0,-8304,0,Zerg Control Max,4,12,Simple Data,"4 bytes per player<br><br>Despite being 4 bytes, the game will only display it as uint16 and will wrap around after 65536.",0x5821A4
493,5775828,1.16.1,0,-8292,0,Terran Supply Available,4,12,Simple Data,"4 bytes per player<br><br>Despite being 4 bytes, the game will only display it as uint16 and will wrap around after 65536.",0x5821D4
494,5775876,1.16.1,0,-8280,0,Terran Supply Used,4,12,Simple Data,"4 bytes per player<br><br>Despite being 4 bytes, the game will only display it as uint16 and will wrap around after 65536.",0x582204
495,5775924,1.16.1,0,-8268,0,Terran Supply Max,4,12,Simple Data,"4 bytes per player<br><br>Despite being 4 bytes, the game will only display it as uint16 and will wrap around after 65536.",0x582234
496,5775972,1.16.1,0,-8256,0,Protoss Psi Available,4,12,Simple Data,"4 bytes per player<br><br>Despite being 4 bytes, the game will only display it as uint16 and will wrap around after 65536.",0x582264
497,5776020,1.16.1,0,-8244,0,Protoss Psi Used,4,12,Simple Data,"4 bytes per player<br><br>Despite being 4 bytes, the game will only display it as uint16 and will wrap around after 65536.",0x582294
498,5776068,1.16.1,0,-8232,0,Protoss Psi Max,4,12,Simple Data,"4 bytes per player<br><br>Despite being 4 bytes, the game will only display it as uint16 and will wrap around after 65536.",0x5822C4
499,5776116,1.16.1,0,-8220,0,Score Custom,4,12,Simple Data,,0x5822F4
500,5776164,1.16.1,0,-8208,0,All Unit Counts Table,48,228,Simple Data,"Counts per player, per unit<br><br><br>For each unit, 4 bytes per player, for 12 players.<br><br>offset + (unit*12 + player) * sizeof(u32)",0x582324
501,5787108,1.16.1,0,0,0,Completed Unit Counts Table,48,228,Simple Data,"Counts per player, per unit<br><br>For each unit, 4 bytes per player, for 12 players.<br><br>offset + (unit*12 + player) * sizeof(u32)",0x584DE4
609,5788788,1.16.1,0,-5052,0,Larva Count,12,1,,"(Why does this entry exist? Should be within the Completed Unit Counts Table)<br><br>The amount of larva a hatchery, lair, or hive currently have.",0x585474
502,5798052,1.16.1,0,-2736,0,Killed Unit Counts Table,48,228,Simple Data,"Counts per player, per unit.<br><br>For each unit, 4 bytes per player, for 12 players.<br><br>offset + (unit*12 + player) * sizeof(u32)<br>",0x5878A4
240,5808996,1.16.1,0,0,0,Death Table Start,48,228,Simple Data,"Counts per player, per unit<br><br>First entry in the death table (P1 marine) for 1.16.1.<br><br>Structured like<br>P1 marine<br>P2 marine<br>...<br>P12 marine<br>P1 ghost<br>P2 ghost<br>...<br>P12 ghost<br>...<br>...<br><br>For each unit, 4 bytes per player, for 12 players.<br><br>offset + (unit*12 + player) * sizeof(u32)",0x58A364
410,5819940,1.16.1,0,2736,0,SC Technologies Available (0-23),24,12,Simple Data,"Table layout is reverse compared to deaths/kills table.<br><br>1 row per player, 24 bytes per row, 1 byte per tech.<br><br>BW techs are elsewhere.<br><br>Offset: 24 * Player + Offs <br><br>SC Techs:<br>ID  Offs. Name<br>00  +0    Stim Packs<br>01  +1    Lockdown<br>02  +2    EMP Shockwave<br>03  +3    Spider Mines<br>04  +4    Scanner Sweep<br>05  +5    Tank Siege Mode<br>06  +6    Defensive Matrix<br>07  +7    Irradiate<br>08  +8    Yamato Gun<br>09  +9    Cloaking Field<br>10  +10   Personnel Cloaking<br>11  +11   Burrowing<br>12  +12   Infestation<br>13  +13   Spawn Broodlings<br>14  +14   Dark Swarm<br>15  +15   Plague<br>16  +16   Consume<br>17  +17   Ensnare<br>18  +18   Parasite<br>19  +19   Psionic Storm<br>20  +20   Hallucination<br>21  +21   Recall<br>22  +22   Stasis Field<br>23  +23   Archon Warp",0x58CE24
411,5820228,1.16.1,0,2808,0,SC Technologies Researched (0-23),24,12,Simple Data,[See SC Technologies Available]<br>http://farty1billion.dyndns.org/EUDdb/?pg=entry&amp;id=410,0x58CF44
797,5820516,1.16.1,0,2880,0,SC Tech Research In Progress,1,36,Simple Data,Who knows,0x58D064
412,5820552,1.16.1,0,2889,0,SC Upgrades Available (0-45),46,12,Simple Data,"Table layout is reverse compared to deaths/kills table. <br><br>1 row per player, 46 bytes per row, 1 byte per upgrade. <br><br>BW upgrades are elsewhere. <br><br>Offset: 46 * Player + Offs <br><br>SC Upgrades: <br>ID Offs. Name <br>00 +0 Terran Infantry Armor <br>01 +1 Terran Vehicle Plating <br>02 +2 Terran Ship Plating <br>03 +3 Zerg Carapace <br>04 +4 Zerg Flyer Caparace <br>05 +5 Protoss Armor <br>06 +6 Protoss Plating <br>07 +7 Terran Infantry Weapons <br>08 +8 Terran Vehicle Weapons <br>09 +9 Terran Ship Weapons <br>10 +10 Zerg Melee Attacks <br>11 +11 Zerg Missile Attacks <br>12 +12 Zerg Flyer Attacks <br>13 +13 Protoss Ground Weapons <br>14 +14 Protoss Air Weapons <br>15 +15 Protoss Plasma Shields <br>16 +16 U-238 Shells <br>17 +17 Ion Thrusters <br>18 +18 Burst Lasers (Unused) <br>19 +19 Titan Reactor (SV +50) <br>20 +20 Ocular Implants <br>21 +21 Moebius Reactor (Ghost +50) <br>22 +22 Apollo Reactor (Wraith +50) <br>23 +23 Colossus Reactor (BC +50) <br>24 +24 Ventral Sacs <br>25 +25 Antennae <br>26 +26 Pneumatized Carapace <br>27 +27 Metabolic Boost <br>28 +28 Adrenal Glands <br>29 +29 Muscular Augments <br>30 +30 Grooved Spines <br>31 +31 Gamete Meiosis (Queen +50) <br>32 +32 Metasynaptic Node (Defiler +50) <br>33 +33 Singularity Charge <br>34 +34 Leg Enhancements <br>35 +35 Scarab Damage <br>36 +36 Reaver Capacity <br>37 +37 Gravitic Drive <br>38 +38 Sensor Array <br>39 +39 Gravitic Boosters <br>40 +40 Khaydarin Amulet (HT +50) <br>41 +41 Apial Sensors <br>42 +42 Gravitic Thrusters <br>43 +43 Carrier Capacity <br>44 +44 Khaydarin Core (Arbiter +50) <br>45 +45 Unknown Upgrade45",0x58D088
413,5821104,1.16.1,0,3027,0,SC Upgrades Researched (0-45),46,12,Simple Data,"Table layout is reverse compared to deaths/kills table. <br><br>1 row per player, 46 bytes per row, 1 byte per upgrade. <br><br>BW upgrades are elsewhere. <br><br>Offset: 46 * Player + Offs <br><br>SC Upgrades: <br>ID Offs. Name <br>00 +0 Terran Infantry Armor <br>01 +1 Terran Vehicle Plating <br>02 +2 Terran Ship Plating <br>03 +3 Zerg Carapace <br>04 +4 Zerg Flyer Caparace <br>05 +5 Protoss Armor <br>06 +6 Protoss Plating <br>07 +7 Terran Infantry Weapons <br>08 +8 Terran Vehicle Weapons <br>09 +9 Terran Ship Weapons <br>10 +10 Zerg Melee Attacks <br>11 +11 Zerg Missile Attacks <br>12 +12 Zerg Flyer Attacks <br>13 +13 Protoss Ground Weapons <br>14 +14 Protoss Air Weapons <br>15 +15 Protoss Plasma Shields <br>16 +16 U-238 Shells <br>17 +17 Ion Thrusters <br>18 +18 Burst Lasers (Unused) <br>19 +19 Titan Reactor (SV +50) <br>20 +20 Ocular Implants <br>21 +21 Moebius Reactor (Ghost +50) <br>22 +22 Apollo Reactor (Wraith +50) <br>23 +23 Colossus Reactor (BC +50) <br>24 +24 Ventral Sacs <br>25 +25 Antennae <br>26 +26 Pneumatized Carapace <br>27 +27 Metabolic Boost <br>28 +28 Adrenal Glands <br>29 +29 Muscular Augments <br>30 +30 Grooved Spines <br>31 +31 Gamete Meiosis (Queen +50) <br>32 +32 Metasynaptic Node (Defiler +50) <br>33 +33 Singularity Charge <br>34 +34 Leg Enhancements <br>35 +35 Scarab Damage <br>36 +36 Reaver Capacity <br>37 +37 Gravitic Drive <br>38 +38 Sensor Array <br>39 +39 Gravitic Boosters <br>40 +40 Khaydarin Amulet (HT +50) <br>41 +41 Apial Sensors <br>42 +42 Gravitic Thrusters <br>43 +43 Carrier Capacity <br>44 +44 Khaydarin Core (Arbiter +50) <br>45 +45 Unknown Upgrade45",0x58D2B0
798,5821656,1.16.1,0,3165,0,SC Upgrade in Progress Lvl 1 (Unused?),1,72,Simple Data,Who knows,0x58D4D8
799,5821728,1.16.1,0,3183,0,SC Upgrade in Progress Lvl 2 (Unused?),1,72,Simple Data,Who knows,0x58D520
503,5821872,1.16.1,0,3219,0,Player&#039;s Force,1,8,Simple Data,"8 bytes: 1 byte for each active player, specifying<br>which of the 4 forces (0-based) that the player&#039;s<br>on:<br>	EPD 3219<br>	Player 1: 0x0058D5B0<br>	Player 2: 0x0058D5B1 force*256<br>	Player 3: 0x0058D5B2 force*65536<br>	Player 4: 0x0058D5B3 force*16777216<br>	EPD 3220<br>	Player 5: 0x0058D5B4<br>	Player 6: 0x0058D5B5 force*256<br>	Player 7: 0x0058D5B6 force*65536<br>	Player 8: 0x0058D5B7 force*16777216<br><br>each force have a multipler value to differentiate<br>themselves from one another:<br>	Force 1<br>	Force 2 (*2 to Player)<br>	Force 3 (*3 to Player)<br>	Force 4 (*4 to Player)<br><br>force flags<br>force names<br>PLAYER&#039;S FORCE",0x58D5B0
504,5821880,1.16.1,0,3221,0,Force Flags,1,4,Simple Data,"4 bytes: 1 byte for each force specifying the flags;<br>	force 1: 0x0058D5B8<br>	force 2: 0x0058D5B9 bits*256<br>	force 3: 0x0058D5BA bits*65536<br>	force 4: 0x0058D5BB bits*16777216<br><br>7 bits: 1 bit per flag per force;<br>	bit 0: randomize location (+1 to byte)<br>	bit 1: ally (+2 to byte)<br>	bit 2: allied victory (+4 to byte)<br>	bit 3: shared vision (+8 to byte)<br>	bit 4: unknown/unused (+16 to byte)<br>	bit 5: unknown/unused (+32 to byte)<br>	bit 6: unknown/unused (+64 to byte)<br>	bit 7: unknown/unused (+128 to byte)<br><br>EPD 3221: read not one byte, but all four bytes <br>and 12 bits<br>	<br>FORCE FLAGS<br>force names<br>player&#039;s force",0x58D5B8
505,5821884,1.16.1,0,3222,0,Force Names,30,4,Simple Data,"4 byte integers: 1 integer for each force, string<br>number of the name per force:<br>	force 1: 0x0058D5BC (EPD 3222)<br>	force 2: 0x0058D5DC (EPD 3230)<br>	force 3: 0x0058D5F8 (EPD 3237)<br>	force 4: 0x0058D614 (EPD 3244)<br><br>untested: even forces strip two characters from<br>the start of the force name<br><br>advice: use [EUD] Text to Value converter<br><br>force flags<br>FORCE NAMES<br>player&#039;s force",0x58D5BC
243,5822004,1.16.1,0,3252,0,Player Alliances,12,12,Simple Data,"EPD 3252<br>+ 0x00: P1 ally status to P1<br>+ 0x01: P1 ally status to P2 (*256).<br>+ 0x02: P1 ally status to P3 (*65536).<br>+ 0x03: P1 ally status to P4 (*16777216).<br>EPD 3253<br>+ 0x04: P1 ally status to P5.<br>+ 0x05: P1 ally status to P6 (*256).<br>+ 0x06: P1 ally status to P7 (*65536).<br>+ 0x07: P1 ally status to P8 (*16777216).<br>EPD 3254<br>P1 ally status to P9-P12.<br>EPD 3255<br>+ 0x0C: P2 ally status to P1.<br>+ 0x0D: P2 ally status to P2 (*256).<br>etc<br><br>0x00: Enemy, 0x01: Ally, 0x02: Allied Victory<br><br>Note - A player is always allied OR allied victory to themself. I could not confirm through testing if it was just one of them, but in most cases, it&#039;s allied. Otherwise assume allied victory instead.",0x58D634
506,5822148,1.16.1,0,3288,0,Mission Objectives Index,4,12,Simple Data,"EPD 3288 (+0x00):<br><br>This is the Mission Objective String ID for Player 1.<br><br>To find the String ID for a Mission Objective:<br><br>	1) Look at Player 1&#039;s Mission Objective text.<br>	2) Go into the String Editor of the Map Editor you&#039;re using.<br>	3) Find the exact string used in Player 1&#039;s Mission Objective text 		within the String Editor.<br>	4) Now count all of the string above it, and add 1 to the total 	number.<br><br>Note: This does not work if Player 1 does not have any text in his Mission Objective. In fact, the value of the address would be 0.<br><br>EPD 3289 (+0x04): This is the Mission Objective String ID for Player 2.<br>EPD 3290 (+0x08): This is the Mission Objective String ID for Player 3.<br>EPD 3291 (+0x0C): This is the Mission Objective String ID for Player 4.<br>EPD 3292 (+0x10): This is the Mission Objective String ID for Player 5.<br>etc",0x58D6C4
507,5822196,1.16.1,0,3300,0,Countdown Timer,4,1,Simple Data,"Changing the value of this address with EUP or EUD is worthwhile, as the timer will not appear graphically and yet count down till zero without any of the players knowing. In other words, this could be used as another death counter for certain events.<br><br>[So is this &#039;Display Countdown Timer&#039; then?]",0x58D6F4
801,5822200,1.16.1,0,3301,0,Elapsed Time,4,1,Simple Data,Game Seconds (1 Game Second = 16 Game Ticks = ~1072ms on normal speed = ~672ms on fastest speed)<br><br>Reportedly can be modified to prevent flag beacons from creating flags.,0x58D6F8
802,5822204,1.16.1,0,3302,0,SC Switch Table (Unused?),4,1,Simple Data,"32 switches, probably pre-1.04 when number of switches was increased to 256.",0x58D6FC
803,5822208,1.16.1,0,3303,0,Player Victory Status,1,8,Simple Data,,0x58D700
804,5822216,1.16.1,0,3305,0,Leaderboard Has Computer Players,4,1,Simple Data,,0x58D708
805,5822220,1.16.1,0,3306,0,Leader Board Type,1,1,Simple Data,,0x58D70C
806,5822221,1.16.1,0,3306,1,Leader Board Condition,1,1,Simple Data,,0x58D70D
807,5822222,1.16.1,0,3306,2,Leader Board Subtype,2,1,Simple Data,,0x58D70E
808,5822224,1.16.1,0,3307,0,Leader Board Goal,4,1,Simple Data,,0x58D710
809,5822228,1.16.1,0,3308,0,Leader Board String Index,4,1,Simple Data,,0x58D714
508,5822232,1.16.1,0,3309,0,#&#039;s of Game Pauses,1,8,Simple Data,"The base value of this address is: (P1 + P2 + P3 + P4) * 3 = 50529027<br><br>Player 1: *1 <br>Player 2: *256 <br>Player 3: *65536 <br>Player 4: *16777216 <br><br>Player 1, 2, 3, and 4 all have three remaining game pauses that they can use to stop the game from running temporarily. If Player 2 were to pause the game, and have only two remaining game pauses left as a result, the new value of the address is: 50529027 - 256 = 50528771.<br><br>The same as EPD 3310, except: <br><br>Player 5: *1 <br>Player 6: *256 <br>Player 7: *65536 <br>Player 8: *16777216 <br><br>Challenge (Try it) - Create a easy formula from all of the information given.",0x58D718
509,5822240,1.16.1,0,3311,0,Start Locations,4,8,Simple Data,"Point:<br>u16 X<br>u16 Y<br><br>EPD 3311<br>+0x00: P1 Start Location (X, Y*65536)<br>+0x01: P2 Start Location (X*16777216, Y*256) *256<br>+0x02: Unknown (4194352) *65536<br>+0x03: Unknown (805322752) *16777216<br>EPD 3312<br>+0x04: Unknown (3145792)<br>+0x05: P3 Start Location (X*16777216, Y*256) *256<br>+0x06: Unknown (4194352) *65536<br>+0x07: Unknown (805322752) *1677216<br>EPD 3313<br>+0x08: Unknown (3145792)<br>+0x09: P4 Start Location (X*16777216, Y*256) *256<br>+0x0A: Unknown (4194352) *65536<br>+0x0B: Unknown (805322752) *16777216<br>EPD 3314<br>+ 0x0C: Unknown (3145792)<br>+0x0D: P5 Start Location (X*16777216, Y*256) *256<br>+0x0E: Unknown (12582960) *65536<br>+0x0F: Unknown (805355520) *16777216<br>EPD 3315<br>+0x10: Unknown (3145920)<br>+0x11: P6 Start Location (X*16777216, Y*256) *256<br>+0x12: Unknown (12582960) *65536<br>+0x13: Unknown (805355520) *16777216<br>EPD 3316<br>+0x14: Unknown (3145920)<br>+0x15: P7 Start Location (X*16777216, Y*256) *256<br>+0x16: Unknown (12582960) *65536<br>+0x17: Unknown (805355520) *16777216<br>EPD 3317<br>+0x18: Unknown (3145920)<br>+0x19: P8 Start Location (X*16777216, Y*256) *256<br>+0x1A: Unknown (12582960) *65536<br>+0x1B: Unknown (805355520) *16777216<br><br>Base Value (when start locations are placed top-left of the map)<br>Player 1: 3145792<br>Player 2-8: 1073754112<br><br>Already you can tell that all of this is confusing and doesn&#039;t make a lot of sense on its own, so here&#039;s a tutorial that will hopefully clear up some things:<br><br>1.To check if the position of Player 3&#039;s Start Location is at the location you placed it at, look at EPD 3312. <br><br>2. Look at the X pixel placement of P3 start location in your map editor and<br>write it down.<br><br>3. Look at the Y pixel placement of P3 start location in your map editor<br>and write it down.<br><br>4. Now plug those numbers into this formula:<br>Memory at Death Table + 3312 is exactly (3145792 + (((Start Location X * 16777216) + (Start Location Y * 256)) * 256) + (4194352 * 65536) + (805322752 * 16777216))<br><br>3145792, 4194352, and 805322752 are &quot;constants,&quot; that you need to know and account for in the equation. Because EPD reads 4 bytes at once (this formula does not work for Player 1 and Player 2 Start Location. If you understood everything that was said so far, then coming up with another formula that&#039;s specific to those two will be easy).<br><br>5. The trigger should work, and if it doesn&#039;t, then either you have miscalculated or these &quot;unknowns&quot;, are not constant.<br><br>Challenge - Find out what those unknowns are actually for, and/or create an easier formula than the one I have come up with.",0x58D720
510,5822272,1.16.1,0,3319,0,Vanilla Location Table,20,64,Simple Data,"This Location Table is not used in the Expansion (Brood War)!<br><br>+0x00 (EPD 3319)<br><br>	This is the LEFT position of the location (X1).<br><br>+0x04 (EPD 3320)<br><br>	This is the TOP position of the location (Y1).<br><br>+0x08 (EPD 3321)<br><br>	This is the RIGHT position of the location (X2).<br><br>+0x0C (EPD 3322)<br><br>	This is the BOTTOM position of the location (Y2).<br><br>+0x10 (EPD 3323)<br><br>String ID: <br>	1) Look in the String Editor of the Map Editor you&#039;re using<br>	2) Find the name of the location within it<br>	3) Now count all the strings that are above it, and add 1 to the total number.<br>	4) The number you came to is the String ID for that location<br><br>Flags (Affect Layers):<br>	Low Ground: 65536<br>	Med Ground: 131072<br>	High Ground: 262144<br>	Low Air: 524288<br>	Med Air: 1048576<br>	High Air: 2097152<br><br>When all flags are enabled, the value<br>of the address is: 4128768 + String ID<br><br>When all flags are disabled, the value<br>of the address is: String ID<br><br>Note: the 64th location is &quot;Anywhere.&quot;",0x58D740
511,5823552,1.16.1,0,3639,0,Switch Table,32,1,Simple Data,"+0x00 (EPD 3639)<br>	Switch 1: *1<br>	Switch 2: *2<br>	Switch 3: *4<br>	Switch 4: *8<br>	Switch 5: *16<br>	Switch 6: *32<br>	Switch 7: *64<br>	Switch 8: *128<br>	...<br>	Switch 32: *2147483648<br><br>When none of the switches from 1 to 32 <br>are set, the value of the address is: 0<br><br>When only switch 8 is set, the value of the<br>address is: 128.<br><br>When only switch 2 and switch 8 are set,<br>the value of the address is: 2 + 128 = 130.<br><br>+0x04 (EPD 3640): Switch 33-64<br>+0x08 (EPD 3641): Switch 65-96<br>+0x0C (EPD 3642): Switch 97-128<br>+0x10 (EPD 3643): Switch 129-160<br>+0x14 (EPD 3644): Switch 161-192<br>+0x18 (EPD 3645): Switch 193-224<br>+0x1C (EPD 3646): Switch 225-256",0x58DC40
241,5823584,1.16.1,0,3647,0,Location Table,20,255,Simple Data,"+0x00 (EPD 3647)<br><br>	This is the LEFT position of the location (X1).<br><br>+0x04 (EPD 3648)<br><br>	This is the TOP position of the location (Y1).<br><br>+0x08 (EPD 3649)<br><br>	This is the RIGHT position of the location (X2).<br><br>+0x0C (EPD 3650)<br><br>	This is the BOTTOM position of the location (Y2).<br><br>+0x10 (EPD 3651)<br><br>String ID: <br>	1) Look in the String Editor of the Map Editor you&#039;re using<br>	2) Find the name of the location within it<br>	3) Now count all the strings that are above it, and add 1 to the total number.<br>	4) The number you came to is the String ID for that location<br><br>Flags (Affect Layers):<br>	Low Ground: 65536<br>	Med Ground: 131072<br>	High Ground: 262144<br>	Low Air: 524288<br>	Med Air: 1048576<br>	High Air: 2097152<br><br>When all flags are enabled, the value<br>of the address is: 4128768 + String ID<br><br>When all flags are disabled, the value<br>of the address is: String ID<br><br>Note: the 64th (1-based) location is &quot;Anywhere.&quot;",0x58DC60
512,5828684,1.16.1,0,4922,0,Time Pause State,4,1,Simple Data,"If FALSE, the value of the address is 0, and the countdown timer is not paused.<br>if TRUE, the value of the address is greater than 0, and the countdown timer is paused.",0x58F04C
517,5828688,1.16.1,0,0,0,BW Technologies Available (24-43),20,12,Simple Data,"Table layout is reverse compared to deaths/kills table.<br><br>1 row per player, 20 bytes per row, 1 byte per tech.",0x58F050
518,5828928,1.16.1,0,0,0,BW Technologies Researched (24-43),20,12,Simple Data,"Table layout is reverse compared to deaths/kills table.<br><br>1 row per player, 20 bytes per row, 1 byte per tech.",0x58F140
810,5829168,1.16.1,0,0,0,BW Tech Research In Progress,1,72,,[SCR: Simple data]<br><br>Who knows,0x58F230
519,5829240,1.16.1,0,0,0,BW Upgrades Available (46-60),15,12,Simple Data,"Table layout is reverse compared to deaths/kills table.<br><br>1 row per player, 15 bytes per row, 1 byte per upgrade.",0x58F278
520,5829420,1.16.1,0,5106,0,BW Upgrades Researched (46-60),15,12,Simple Data,"Table layout is reverse compared to deaths/kills table.<br><br>1 row per player, 46 bytes per row, 1 byte per upgrade.<br><br>*****ALL BW upgrades addresses generated automatically in Eud Editor 2 0.17.9.7 are wrong*****<br>*****Please follow contents below*****<br><br>Offset: 15 * Player + Offs<br><br>BW Upgrades:<br>ID Offs. Name<br>00 +0 unknown upgrade46<br>01 +1 argus jewel (corsair +50)<br>02 +2 unknown upgrade48<br>03 +3 arugs talisman (DA +50)<br>04 +4 unknown upgrade50<br>05 +5 caduceus reactor (medic +50)<br>06 +6 chitinous plating<br>07 +7 anabolic synthesis<br>08 +8 charon booster<br>09 +9 unknown upgrade55<br>10 +10 unknown upgrade56<br>11 +11 unknown upgrade57<br>12 +12 unknown upgrade58<br>13 +13 unknown upgrade59<br>14 +14 unknown upgrade60<br>",0x58F32C
811,5829600,1.16.1,0,5151,0,BW Upgrade In Progress,1,96,Simple Data,Who knows,0x58F3E0
513,5829696,1.16.1,0,5175,0,Is Expansion,1,1,Simple Data,1 if your game is using the Expansion set.,0x58F440
812,5829697,1.16.1,0,5175,1,BWGame unk_10351,1,1,Simple Data,,0x58F441
813,5829698,1.16.1,0,5175,2,Unknown Player Color Something,1,8,Simple Data,,0x58F442
814,5829706,1.16.1,0,5177,2,BWGame &quot;Literally Unused&quot;,1,29604,Simple Data,,0x58F44A
514,5859488,1.16.1,0,0,0,Input Procedures,4,19,,A list of functions that determine how user input is handled.,0x5968A0
567,5859500,1.16.1,0,12626,0,Mouse Left Click,4,1,,Detects the left click of a mouse.<br><br>Use only actions that won&#039;t desync (check the Reference).,0x5968AC
515,5859588,1.16.1,0,12648,0,Game Mode,2,1,Unsupported,"Determines the game&#039;s mode. In-Game, in-menu, battle.net, etc. The official name is gwGameMode.",0x596904
516,5859864,1.16.1,0,12717,0,Virtual Key Array,1,256,Backed By Code,An array containing the state of all the virtual key codes (VK_).,0x596A18
634,5870532,1.16.1,0,15384,0,Pointer to &quot;MTXM&quot; map tile data,4,1,Backed By Code,,0x5993C4
408,5870548,1.16.1,0,15388,0,Pointer to map &quot;STR &quot; section,4,1,Backed By Code,Pointer<br>default: first string,0x5993D4
667,5880412,1.16.1,0,0,0,Game Subtype ID,4,1,,"Subtype ID specified in GOT template.<br><br>Top Vs. Bottom: Number is the number of players on top (1 = &quot;1 vs #&quot;, 2 = &quot;2 vs #&quot;, etc.)<br>Greed: 1=2500, 2=5000, 3=7500, 4=10000<br>Slaughter: 1=15, 2=30, 3=45, 4=60<br>Team Melee/FFA/CTF: 1=2 teams, 2=3 teams, 3=4 teams",0x59BA5C
646,5881984,1.16.1,0,0,0,Mapdata.dat - Mission dir,4,65,,Mapdata.tbl string index,0x59C080
631,5885048,1.16.1,0,19013,0,Last Time for Drop Window,4,1,Simple Data,"Last GetTickCount Win32 API Time for Drop Window shown.<br><br>Whenever a player disconnects, StarCraft will display drop window.<br>If 2 minutes elapsed since last drop window showed, StarCraft will reset the drop timer to 45 seconds.",0x59CC78
242,5885056,1.16.1,0,19015,0,Drop Timer,4,1,Simple Data,The time remaining before a player is dropped.<br><br>See the address 0x59CC78 (Last Time of Drop Window) for application.,0x59CC80
398,5885096,1.16.1,0,19025,0,Unitnode Table,336,1700,Backed By Code,"[SCR: See individual entries]<br><br>See Unitnode Structure in the Reference page or https://github.com/bwapi/bwapi/blob/master/bwapi/BWAPI/Source/BW/CUnit.h<br><br>Units are loaded to index 0 then 1699, 1698, 1697... (this includes pre-placed map units)<br><br>Compute the memory location of an index using:<br>0x0059CCA8 + (0x150 * index)<br><br>Example:<br>Index 1699 is at 0x00628298 = 0x0059CCA8 + (0x150 * 0x6A3)  (player 161,741)<br>where 0x0059CCA8 is the base address, 0x150 = 336 is the size and 0x6A3 = 1699 is the unit index<br><br>Index 1698 is at 0x00628148 = 0x0059CCA8 + (0x150 * 0x6A2)<br>Index 1697 is at 0x00627FF8 = 0x0059CCA8 + (0x150 * 0x6A1)<br>Index 1696 is at 0x00627EA8 = 0x0059CCA8 + (0x150 * 0x6A0)<br>etc. (difference between each index is the size, 336 = 0x150)",0x59CCA8
652,6456312,1.16.1,0,0,0,Last Unit Pointer,4,1,,The value is pointer to the last unit in the unitNodeTable.<br>-added by jehn,0x6283F8
416,6456368,1.16.1,0,161843,0,First Unit Pointer,4,1,Backed By Code,The value is pointer to the first unit in the unitNodeTable.,0x628430
651,6456376,1.16.1,0,161845,0,First Empty Unit,4,1,Backed By Code,The address of the unit structure to be created<br>-added by jehn,0x628438
531,6456392,1.16.1,0,161849,0,Screen Coordinate X,4,1,Read Only,"The position of the screen on the X Axis. Note that it&#039;s locked on an 8 pixel grid, so 2 would mean 16 pixel.",0x628448
528,6456432,1.16.1,0,161859,0,Screen Coordinate Y,4,1,Read Only,"The position of the screen on the Y Axis. Note that it&#039;s locked on an 8 pixel grid, so 2 would mean 16 pixel.",0x628470
831,6456460,1.16.1,0,161866,0,glScrollPixelX,4,1,Read Only,Duplicate of screen coordinates?,0x62848C
833,6456468,1.16.1,0,161868,0,gfpCellMap,4,1,Backed By Code,Pointer to VX4 megatile buffer?,0x628494
832,6456488,1.16.1,0,161873,0,glScrollPixelY,4,1,Read Only,Duplicate of screen coordinates?,0x6284A8
663,6456504,1.16.1,0,161877,0,Current Player Selection,4,12,Backed By Code,Selection group of the current player<br><br>Seems to be duplicated at 0x59724C and 0x597208?,0x6284B8
245,6456552,1.16.1,0,161889,0,Player 1 Selection Group,4,12,Backed By Code,List of unit node pointers for Player&#039;s current group selection. Points to address 0x0059CCA8,0x6284E8
391,6456600,1.16.1,0,161901,0,Player 2 Selection Group,4,12,Backed By Code,List of unit node pointers for Player&#039;s current group selection.,0x628518
392,6456648,1.16.1,0,161913,0,Player 3 Selection Group,4,12,Backed By Code,List of unit node pointers for Player&#039;s current group selection.,0x628548
393,6456696,1.16.1,0,161925,0,Player 4 Selection Group,4,12,Backed By Code,List of unit node pointers for Player&#039;s current group selection.,0x628578
394,6456744,1.16.1,0,161937,0,Player 5 Selection Group,4,12,Backed By Code,List of unit node pointers for Player&#039;s current group selection.,0x6285A8
395,6456792,1.16.1,0,161949,0,Player 6 Selection Group,4,12,Backed By Code,List of unit node pointers for Player&#039;s current group selection.,0x6285D8
396,6456840,1.16.1,0,161961,0,Player 7 Selection Group,4,12,Backed By Code,List of unit node pointers for Player&#039;s current group selection.,0x628608
397,6456888,1.16.1,0,161973,0,Player 8 Selection Group,4,12,Backed By Code,List of unit node pointers for Player&#039;s current group selection.,0x628638
691,6462872,1.16.1,0,163469,0,Sprite Table,36,2500,Read Only,"[SCR: See individual entries]<br><br>Difference between each entry: 9 Player ID&#039;s<br><br>Struct:<br>https://github.com/bwapi/bwapi/blob/master/bwapi/BWAPI/Source/BW/CSprite.h<br><br>Populates like CUnit, with 2nd entry at the rearmost of the table, and the 3rd the 2nd rearmost entry of the table; first entry will be a cursour sprite, having sprite ID of 318.",0x629D98
402,6553416,1.16.1,0,0,0,Pylon Auras are Visible,4,1,,Read-Only (Writing to it apparently does nothing :C .),0x63FF48
841,6556452,1.16.1,0,186864,0,gameTextCounters,4,12,Unsupported,Contains the tick count for when the message should disappear. Corresponds to the same index of game text.,0x640B24
827,6556504,1.16.1,0,186877,0,Next Display Text Line,4,1,Simple Data,First line to be drawn on screen or written to.<br><br>Changing this value to 11 or 12 and then doing a Display Text action will allow displaying a status message.,0x640B58
826,6556512,1.16.1,0,186879,0,Display Text,218,13,Backed By Code,Line IDs:<br>0-10: display text lines (first line defined by 0x640B58 - Next Display Text Line)<br>11: ?<br>12: status message,0x640B60
660,6621568,1.16.1,0,0,0,Trigger Wait Timers,4,8,,Wait action timers for each player,0x650980
574,6621600,1.16.1,0,203151,0,Trigger Execution Timer (Hyper triggers),4,1,Simple Data,"When this value reaches 0, trigger loop executes.<br><br>Preserve to 0 for single-tick hypers, or 1 for traditional hyper triggers (2 ticks).<br><br>Wait(n) will make this value 1 after ceil(n / &#039;ms per tick&#039;) + 1, so Wait(0) makes this value to 1, making the trigger loop execute every 2 ticks.",0x6509A0
815,6621616,1.16.1,0,203155,0,Trigger Current Player  aka CP Trick,4,1,Simple Data,"Used to dynamically run EUDs or dereference pointers.<br><br>Sets &quot;Current Player&quot; in triggers to be a reference to a different base address for the deaths table.<br><br>e.g.<br>Set Deaths(&quot;Int:203155&quot;, &quot;Terran Marine&quot;, Set to, EPD);<br>Set Deaths(&quot;Int:203155&quot;, &quot;Terran Marine&quot;, Add/Subtract, whatever);<br>Set Deaths(&quot;Current Player&quot;, &quot;Terran Marine&quot;, Set to/Add/Subtract, whatever);<br><br><br>Example: Implement Set Minerals for current player<br>// Add -11421 to 0x006509B0 (player ID corresponding to 0x0057F0F0) <br>SetMemory(0x6509B0, Add, 0xFFFFD363);<br>// Add 50 to byte offset for that address -- current player will increase target address by 4 bytes for each player that runs it<br>SetDeaths(CurrentPlayer, Add, 50, &quot;Terran Marine&quot;);<br>// Add +11421 to 0x006509B0 to set it back to what it was<br>SetMemory(0x6509B0, Add, 0x00002C9D);<br><br><br>Example: Implement a SetKills action for Current Player<br>// Add -2736 to 0x6509B0 (player ID corresponding to 0x005878A4)<br>SetMemory(0x6509B0, Add, 0xFFFFF550);<br>// Current player combined with unit ID now references the correct target address in the Kills table)<br>// This SetDeaths is now really SetKills to add/subtract/set to for unit of choice<br>SetDeaths(CurrentPlayer, Subtract, 1, &quot;Terran Ghost&quot;);<br>// Add +2736 to 0x006509B0 to set it back to what it was<br>SetMemory(0x6509B0, Add, 0x00000AB0);<br>Note: Set Deaths needs to be for current player, P1/P2/etc. would modify the normal deaths table.<br>Note2: Cannot use Any Unit/Men/Buildings/Factories for the unit, those do have Unit IDs, are not stored in the Kills table, and would overflow into other areas.",0x6509B0
923,6637696,1.16.1,0,207175,0,Network Buffer,496,1,Backed By Code,"Game Command Queue. See https://github.com/phu54321/vgce/blob/master/docs/Blizzard/Starcraft/packets2.txt<br>Also https://github.com/bwapi/bwapi/blob/main/bwapi/BWAPI/Source/BW/OrderTypes.cpp<br>Not sure if the size is 496, the value in 0x0057F0D8<br>Edited by PereC, 2021.04.03<br>",0x654880
924,6638240,1.16.1,0,207311,0,Network Buffer Used,4,1,Supported,"Command queue (0x00654880) space used.<br>Edited by PereC, 2021.04.03",0x654AA0
632,6641376,1.16.1,0,208095,0,Accept Commands,4,1,Unsupported,"If 1, commands are accepted.<br>If 0, all commands are ignored.",0x6556E0
349,6641408,1.16.1,0,208103,0,Upgrades.dat - Max Level,1,61,Simple Data,,0x655700
350,6641472,1.16.1,0,208119,0,Upgrades.dat - Mineral Cost Base,2,61,Simple Data,Address 0x00655740 - Upgrade ID 000 - bit-mask 0x0000FFFF<br>Address 0x00655740 - Upgrade ID 001 - bit-mask 0xFFFF0000<br>Address 0x00655744 - Upgrade ID 002 - bit-mask 0x0000FFFF<br>Address 0x00655744 - Upgrade ID 003 - bit-mask 0xFFFF0000<br>etc.,0x655740
351,6641600,1.16.1,0,208151,0,Upgrades.dat - Gas Cost Factor,2,61,Simple Data,,0x6557C0
352,6641728,1.16.1,0,208183,0,Upgrades.dat - Gas Cost Base,2,61,Simple Data,,0x655840
353,6641856,1.16.1,0,208215,0,Upgrades.dat - Dat Requirement Offset,2,61,Simple Data,,0x6558C0
354,6641984,1.16.1,0,208247,0,Upgrades.dat - Time Factor,2,61,Simple Data,,0x655940
355,6642112,1.16.1,0,208279,0,Upgrades.dat - Mineral Cost Factor,2,61,Simple Data,,0x6559C0
356,6642240,1.16.1,0,208311,0,Upgrades.dat - Label,2,61,Simple Data,stat_txt.tbl index,0x655A40
357,6642368,1.16.1,0,208343,0,Upgrades.dat - Icon,2,61,Simple Data,cmdicons.grp frame,0x655AC0
358,6642492,1.16.1,0,208374,0,Upgrades.dat - Brood War Flag,1,61,Simple Data,,0x655B3C
359,6642560,1.16.1,0,208391,0,Upgrades.dat - Time Base,2,61,Simple Data,,0x655B80
360,6642684,1.16.1,0,208422,0,Upgrades.dat - Race,1,61,Simple Data,0 = Zerg<br>1 = Terran<br>2 = Protoss<br>3 = All,0x655BFC
635,6642776,1.16.1,0,208445,0,Portdata.dat - Idle SMK,4,110,Backed By Code,1-based reference to portdata.tbl,0x655C58
637,6643216,1.16.1,0,208555,0,Portdata.dat - Idle SMK Change,1,110,,,0x655E10
636,6643328,1.16.1,0,208583,0,Portdata.dat - Talking SMK,4,110,Backed By Code,1-based reference to portdata.tbl,0x655E80
639,6643768,1.16.1,0,0,0,Portdata.dat - Idle Unknown,1,110,,,0x656038
638,6643880,1.16.1,0,0,0,Portdata.dat - Talking SMK change,1,110,,,0x6560A8
640,6643992,1.16.1,0,0,0,Portdata.dat - Talking unknown,1,110,,,0x656118
361,6644120,1.16.1,0,208781,0,Techdata.dat - Unknown1,2,44,Simple Data,,0x656198
362,6644208,1.16.1,0,208803,0,Techdata.dat - Gas Cost,2,44,Simple Data,Address 0x006561F0 - Tech ID 000 - bit-mask 0x0000FFFF - *1<br>Address 0x006561F0 - Tech ID 001 - bit-mask 0xFFFF0000 - *65536<br>Address 0x006561F4 - Tech ID 002 - bit-mask 0x0000FFFF - *1<br>Address 0x006561F4 - Tech ID 003 - bit-mask 0xFFFF0000 - *65536,0x6561F0
363,6644296,1.16.1,0,208825,0,Techdata.dat - Mineral Cost,2,44,Simple Data,Address 0x00656248 - Tech ID 000 - bit-mask 0x0000FFFF - *1<br>Address 0x00656248 - Tech ID 001 - bit-mask 0xFFFF0000 - *65536<br>Address 0x0065624C - Tech ID 002 - bit-mask 0x0000FFFF - *1<br>Address 0x0065624C - Tech ID 003 - bit-mask 0xFFFF0000 - *65536,0x656248
364,6644384,1.16.1,0,208847,0,Techdata.dat - Label,2,44,Simple Data,stat_txt.tbl index,0x6562A0
365,6644472,1.16.1,0,208869,0,Techdata.dat - Data Restrictions,2,44,Simple Data,,0x6562F8
366,6644560,1.16.1,0,208891,0,Techdata.dat - Researched,1,44,Simple Data,DatEdit says Unused?,0x656350
367,6644608,1.16.1,0,208903,0,Techdata.dat - Energy Cost,2,44,Simple Data,,0x656380
368,6644696,1.16.1,0,208925,0,Techdata.dat - Time,2,44,Simple Data,,0x6563D8
369,6644784,1.16.1,0,208947,0,Techdata.dat - Icon,2,44,Simple Data,cmdicons.grp frame index,0x656430
370,6644872,1.16.1,0,208969,0,Techdata.dat - Race,1,44,Simple Data,0 = Zerg<br>1 = Terran<br>2 = Protoss<br>3 = All,0x656488
371,6644916,1.16.1,0,208980,0,Techdata.dat - Brood War Flag,1,44,Simple Data,,0x6564B4
301,6644960,1.16.1,0,208991,0,Weapons.dat - Damage Factor,1,130,Simple Data,,0x6564E0
302,6645096,1.16.1,0,209025,0,Weapons.dat - Target Error Message,2,130,Simple Data,stat_txt.tbl index,0x656568
303,6645360,1.16.1,0,209091,0,Weapons.dat - Behavior,1,130,Simple Data,0 = Fly &amp; Don&#039;t Follow Target <br>1 = Fly &amp; Follow Target<br>2 = Appear on Target Unit<br>3 = Persist on Target Site<br>4 = Appear on Target Site<br>5 = Appear on Attacker<br>6 = Attack &amp; Self-Destruct<br>7 = Bounce<br>8 = Attack Target 3x3 Area<br>9 = Go to Max. Range,0x656670
304,6645496,1.16.1,0,209125,0,Weapons.dat - Effect,1,130,Simple Data,0 = None <br>1 = Normal Hit<br>2 = Splash (Radial)<br>3 = Splash (Enemy)<br>4 = Lockdown<br>5 = Nuclear Missile<br>6 = Parasite<br>7 = Broodlings<br>8 = EMP Shockwave<br>9 = Irradiate<br>10 = Ensnare<br>11 = Plague<br>12 = Stasis Field<br>13 = Dark Swarm<br>14 = Consume<br>15 = Yamato Gun<br>16 = Restoration<br>17 = Disruption Web<br>18 = Corrosive Acid<br>19 = Mind Control<br>20 = Feedback<br>21 = Optical Flare<br>22 = Maelstrom<br>23 = Unused (Crash)<br>24 = Splash (Air),0x6566F8
305,6645632,1.16.1,0,209159,0,Weapons.dat - Icon,2,130,Simple Data,cmdicons.grp frame,0x656780
306,6645896,1.16.1,0,209225,0,Weapons.dat - Splash Inner Radius,2,130,Simple Data,,0x656888
307,6646160,1.16.1,0,209291,0,Weapons.dat - Attack Angle,1,130,Simple Data,&quot;Angle within which the weapon can be fired without waiting for the unit&#039;s graphics to turn. 128 = 180 degrees.&quot;,0x656990
308,6646296,1.16.1,0,209325,0,Weapons.dat - Minimum Range,4,130,Simple Data,16 times the value in DatEdit.,0x656A18
309,6646816,1.16.1,0,209455,0,Weapons.dat - Graphics Y Offset,1,130,Simple Data,,0x656C20
310,6646952,1.16.1,0,209489,0,Weapons.dat - Graphics,4,130,Simple Data,Flingy.dat index<br>Weapon Graphic,0x656CA8
248,6647472,1.16.1,0,209619,0,Weapons.dat - Damage Amount,2,130,Simple Data,,0x656EB0
249,6647736,1.16.1,0,209685,0,Weapons.dat - Cooldown,1,130,Simple Data,,0x656FB8
311,6647872,1.16.1,0,209719,0,Weapons.dat - Remove After,1,130,Simple Data,&quot;Time until the weapon is removed if it does not hit a target.&quot;,0x657040
312,6648008,1.16.1,0,209753,0,Weapons.dat - Splash Middle Radius,2,130,Simple Data,,0x6570C8
313,6648272,1.16.1,0,209819,0,Weapons.dat - Upgrade ID,1,130,Simple Data,Upgrades.dat index,0x6571D0
314,6648408,1.16.1,0,209853,0,Weapons.dat - Damage Type,1,130,Simple Data,0 = Independent<br>1 = Explosive<br>2 = Concussive<br>3 = Normal<br>4 = Ignore Armor,0x657258
315,6648544,1.16.1,0,209887,0,Weapons.dat - Label,2,130,Simple Data,stat_txt.tbl index,0x6572E0
316,6648808,1.16.1,0,209953,0,Weapons.dat - Special Attack,1,130,Simple Data,Reference only?,0x6573E8
317,6648944,1.16.1,0,209987,0,Weapons.dat - Maximum Range,4,130,Simple Data,Value is 16 times what DatEdit shows.,0x657470
318,6649464,1.16.1,0,210117,0,Weapons.dat - Upgrade Bonus,2,130,Simple Data,,0x657678
319,6649728,1.16.1,0,210183,0,Weapons.dat - Splash Outer Radius,2,130,Simple Data,,0x657780
320,6649992,1.16.1,0,210249,0,Weapons.dat - Launch Spin,1,130,Simple Data,,0x657888
321,6650128,1.16.1,0,210283,0,Weapons.dat - Graphics X Offset,1,130,Simple Data,,0x657910
322,6650264,1.16.1,0,210317,0,Weapons.dat - Target Flags,2,130,Simple Data,"0x001 Air<br>0x002 Ground<br>0x004 Mechanical<br>0x008 Organic<br>0x010 non-Building<br>0x020 non-Robotic<br>0x040 Terrain<br>0x080 Organic or Mechanical<br>0x100 Own<br><br>This is actually better thought of &quot;which units can this weapon deal damage to&quot;. Eg if you give a ground weapon the air + ground target as well as splash, then when it attacks a ground unit, any air units in the vicinity will also take splash damage. If you also set it to have Mechanical targeting, then the weapon will be able to attack all types of ground units, but only deal damage to ones with the mechanical flag.",0x657998
920,6650524,1.16.1,0,210382,0,Game Brightness,4,1,Simple Data,"Darkens the screen without affecting UI elements. Appears to be a modifier for Fog of War Masks? Technically a 1 byte value, but the high bytes are padding and not used.<br><br>Valid values are 0-31, with 0 being black and 31 being maximum brightness. Values &gt;31 appear to just be black.<br><br>The value appears to be the index in tileset\*\dark.pcx remapping palette.",0x657A9C
921,6650528,1.16.1,0,210383,0,Fog of War Masks,1,4096,Backed By Code,"Sets the brightness parts of the fog of war masks. Corresponds to dark.pcx indexes, with valid values from 0 (black) to 31 (full brightness). Values &gt;31 in 1.16.1 are glitched colors.<br><br>4 bytes at 0x00657AA0 correspond to unexplored fog.<br>4 bytes at 0x0065825C correspond to explored areas in fog.<br>4 bytes at 0x00658A9C correspond to visible areas.<br>Other addresses relate to the transitions between these areas.<br><br>Setting to 0x1F1F1F1F will fully clear the mask, though units and buildings may not be visible or selectable depending on the actual fog state. Additionally, using different values for each byte, e.g. 0x1F001F00, will create vertical stripes (tested in 1.16.1).",0x657AA0
253,6683672,1.16.1,0,218669,0,Units.dat - Max Hits (Air),1,228,Simple Data,This value is for statistics purposes only (?),0x65FC18
254,6683904,1.16.1,0,218727,0,Units.dat - Gas Cost,2,228,Simple Data,,0x65FD00
255,6684360,1.16.1,0,218841,0,Units.dat - Armor,1,228,Simple Data,,0x65FEC8
256,6684592,1.16.1,0,218899,0,Units.dat - &quot;What&quot; Sound Start,2,228,Simple Data,sfxdata.dat start index,0x65FFB0
257,6685048,1.16.1,0,219013,0,Units.dat - Computer AI Unit Type,1,228,Simple Data,&quot;AI Internal&quot; in DatEdit,0x660178
258,6685280,1.16.1,0,219071,0,Units.dat - Map String,2,228,Simple Data,"If this property is different from 0, the unit&#039;s name will be read from the strings stored within the map (CHK) that is currently loaded, instead of the stat_txt.tbl file.",0x660260
259,6685736,1.16.1,0,219185,0,Units.dat - Build Time,2,228,Simple Data,,0x660428
260,6686192,1.16.1,0,219299,0,Units.dat - Start Direction,1,228,Simple Data,&quot;Direction unit will face after it is created. Values start at 0 (the unit will face the top of the screen) and go on clockwise through subsequent turning stages until 31 (unit will face a little left from the complete turn). Value of 32 means unit will face a random direction.&quot; -DatEdit,0x6605F0
261,6686424,1.16.1,0,219357,0,Units.dat - Brood War Flag,1,228,Simple Data,,0x6606D8
262,6686656,1.16.1,0,219415,0,Units.dat - Subunit 1,2,228,Simple Data,228 = None,0x6607C0
263,6687112,1.16.1,0,219529,0,Units.dat - Transport Space Provided,1,228,Simple Data,,0x660988
264,6687344,1.16.1,0,219587,0,Units.dat - Dat Requirement Offset,2,228,Simple Data,u16 index of 0x00514178<br>(address is 0x00514178 + 2*this value),0x660A70
265,6687800,1.16.1,0,219701,0,Units.dat - Subunit 2,2,228,Simple Data,Unused.,0x660C38
251,6688256,1.16.1,0,219815,0,Units.dat - Shield Amount,2,228,Simple Data,,0x660E00
266,6688712,1.16.1,0,219929,0,Units.dat - Movement Flags,1,228,Simple Data,,0x660FC8
267,6688944,1.16.1,0,219987,0,Units.dat - Construction Animation,4,228,Simple Data,0 = No graphics,0x6610B0
268,6689856,1.16.1,0,220215,0,Units.dat - &quot;Yes&quot; Sound End,2,106,Simple Data,sfxdata.dat end index,0x661440
269,6690072,1.16.1,0,220269,0,Units.dat - Staredit Availability Flags,2,228,Simple Data,0x0001 - Non-Neutral<br>0x0002 - Unit Listing &amp; Palette<br>0x0004 - Mission Briefing<br>0x0008 - Player Settings<br>0x0010 - All Races<br>0x0020 - Set Doodad State<br>0x0040 - Non-Location Triggers<br>0x0080 - Unit&amp;&amp;Hero Settings<br>0x0100 - Location Triggers<br>0x0200 - BroodWar Only,0x661518
247,6690528,1.16.1,0,220383,0,Units.dat - Air Weapon,1,228,Simple Data,Weapons.dat index,0x6616E0
270,6690760,1.16.1,0,220441,0,Units.dat - Unit Dimensions,8,228,Simple Data,Struct:<br>2 bytes - Left Dimension (from center)<br>2 bytes - Up Dimension<br>2 bytes - Right Dimension<br>2 bytes - Down Dimension,0x6617C8
271,6692584,1.16.1,0,220897,0,Units.dat - &quot;Pissed&quot; Sound End,2,106,Simple Data,sfxdata.dat end index,0x661EE8
272,6692800,1.16.1,0,220951,0,Units.dat - &quot;Ready&quot; Sound,2,106,Simple Data,sfxdata.dat index,0x661FC0
273,6693016,1.16.1,0,221005,0,Units.dat - Right-click Action,1,228,Simple Data,0 = No commands/Auto Attack<br>1 = Normal movement/Normal Attack<br>2 = Normal movement/No Attack<br>3 = No movement/Normal Attack<br>4 = Harvest<br>5 = Harvest&amp;Repair<br>6 = Nothing (with indicator)<br>(I think),0x662098
274,6693248,1.16.1,0,221063,0,Units.dat - Size Class,1,228,Simple Data,0 = Independent<br>1 = Small<br>2 = Medium<br>3 = Large,0x662180
299,6693480,1.16.1,0,221121,0,Units.dat - Human Init Action,1,228,Simple Data,&quot;Human Idle Action&quot; in DatEdit<br>Orders.dat index,0x662268
252,6693712,1.16.1,0,221179,0,Units.dat - Max HP,4,228,Simple Data,Lowest byte is fractional part (*256),0x662350
275,6694624,1.16.1,0,221407,0,Units.dat - Addon Placement,4,96,Simple Data,Struct:<br>2 bytes - X Pos<br>2 bytes - Y Pos<br><br>Only exists for buildings (First entry is 106 Command Center),0x6626E0
276,6695008,1.16.1,0,221503,0,Units.dat - Building Dimensions,4,228,Simple Data,"Struct:<br>2 bytes - Width<br>2 bytes - Height<br><br>Setting to 0 will make the unit (not just buildings) invisible:<br>- It won&#039;t appear on the minimap<br>- It won&#039;t appear on the main map<br>- It can&#039;t be selected by the mouse in any way<br>- &#039;Bring&#039; triggers will not locate it<br>- Units can still attack (and will display missile graphics)<br>- Units still cause and are affected by collision<br>- Units can&#039;t be targetted by other units<br><br>This dimension is used when determining if units with the Building flag can fit in the available spaace. Units without the Building flag will rely on their collision dimensions instead.<br><br>Setting this to a size of 31x31 or smaller will allow buildings to be built on any terrain, including water and cliffs, although the placement mechanics are a little wonky.",0x662860
277,6695920,1.16.1,0,221731,0,Units.dat - &quot;What&quot; Sound End,2,228,Simple Data,sfxdata.dat end index,0x662BF0
278,6696376,1.16.1,0,221845,0,Units.dat - Seek Range,1,228,Simple Data,"1 range unit here = 2 range units in Weapons.dat.<br>If the value is 0 in DatEdit, here it will be half of Max Range in the unit&#039;s weapon range.",0x662DB8
300,6696608,1.16.1,0,221903,0,Units.dat - Computer Init Action,1,228,Simple Data,&quot;Computer Idle&quot; in DatEdit<br>Orders.dat index,0x662EA0
629,6696840,1.16.1,0,221961,0,Units.dat - Portrait,2,228,Simple Data,0xFFFF = No Portrait,0x662F88
279,6697296,1.16.1,0,222075,0,Units.dat - Elevation Level,1,228,Simple Data,Elevation Level,0x663150
409,6697528,1.16.1,0,222133,0,Units.dat - Sight Range,1,228,Simple Data,"Set value from 0-11.  Values greater than 11 will crash.<br><br>Example: Setting SCV Sight Range to 5.<br><br>Base Address = 0x00663238<br>SCV Units.dat Index = 0x7<br><br>0x00663238 + 0x7 = 0X66323F<br><br>0x0066323F is not divisible by 4, next lowest multiple of 4 is 0x0066323C<br>Went down 3 bytes to get from 0x0066323F to 0x0066323C<br>Therefore, need to modify 0xFF000000 at 0x0066323C to the change value at 0x0066323F<br><br>// set SCV sight range to 5<br>Masked MemoryAddr(0x0066323C, Set To, 0x05000000, 0xFF000000);",0x663238
280,6697760,1.16.1,0,222191,0,Units.dat - Attack Unit Order,1,228,Simple Data,Orders.dat reference,0x663320
281,6697992,1.16.1,0,222249,0,Units.dat - Build Score,2,228,Simple Data,,0x663408
282,6698448,1.16.1,0,222363,0,Units.dat - Armor Upgrade ID,1,228,Simple Data,Upgrades.dat index,0x6635D0
283,6698680,1.16.1,0,222421,0,Units.dat - Ground Weapon,1,228,Simple Data,weapons.dat reference,0x6636B8
284,6698912,1.16.1,0,222479,0,Units.dat - Group Flags,1,228,Simple Data,"0x01 - Zerg (Uses underlings, can build on creep)<br>0x02 - Terran (Uses Supply, has sublabel, buildings will burn)<br>0x04 - Protoss (Uses Psi)<br>0x08 - Men<br>0x10 - Building<br>0x20 - Factory<br>0x40 - Independent<br>0x80 - Neutral<br><br>Example:<br>Set Protoss Observatory as Terran and Unset Protoss so it will burn and can be repaired.<br>Protoss Observatory Units.dat Index = 159 = 0x9F<br>0x006637A0 + 0x9F = 0x0066383F<br>0x0066383F is not divisible by 4, next lowest multiple of 4 = 0x0066383C<br>Therefore, modify 0xFF00000 at 0x0066383C to hit 0x0066383F<br>// set Protoss Observatory Terran<br>MemoryAddr(0x0066383C, Add, 0x02000000);<br>// unset Protoss Observatory Protoss<br>MemoryAddr(0x0066383C, Subtract, 0x04000000);",0x6637A0
285,6699144,1.16.1,0,222537,0,Units.dat - Mineral Cost,2,228,Simple Data,,0x663888
286,6699600,1.16.1,0,222651,0,Units.dat - Attack Move Order ID,1,228,Simple Data,Orders.dat index,0x663A50
287,6699832,1.16.1,0,222709,0,Units.dat - &quot;Pissed&quot; Sound Start,2,106,Simple Data,sfxdata.dat start index,0x663B38
288,6700048,1.16.1,0,222763,0,Units.dat - &quot;Yes&quot; Sound Start,2,107,Simple Data,sfxdata.dat start index,0x663C10
289,6700264,1.16.1,0,222817,0,Units.dat - Supply Used,1,228,Simple Data,Value here is twice what you see in-game. (Hence why 2 Zerglings = 1 Underling),0x663CE8
290,6700496,1.16.1,0,222875,0,Units.dat - Rank/Sublabel,1,228,Simple Data,&quot;Controls ground units movement: units with lower Rank will stop and wait to allow units with higher Rank to continue movement.&quot;<br><br>For Terran Units this shows a stat_txt string (starting at index 550).,0x663DD0
291,6700728,1.16.1,0,222933,0,Units.dat - Kill Score,2,228,Simple Data,Kill Score,0x663EB8
292,6701184,1.16.1,0,223047,0,Units.dat - Advanced Flags,4,228,Simple Data,0x00000001 - Building<br>0x00000002 - Addon<br>0x00000004 - Flyer<br>0x00000008 - Worker<br>0x00000010 - Subunit<br>0x00000020 - Flying Building<br>0x00000040 - Hero<br>0x00000080 - Regenerates HP<br>0x00000100 - Animated Idle(?)<br>0x00000200 - Cloakable<br>0x00000400 - Two Units in 1 Egg<br>0x00000800 - Single Entity<br>0x00001000 - Resource Depot<br>0x00002000 - Resource Container<br>0x00004000 - Robotic Unit<br>0x00008000 - Detector<br>0x00010000 - Organic Unit<br>0x00020000 - Requires Creep<br>0x00040000 - Unused(?)<br>0x00080000 - Requires Psi<br>0x00100000 - Burrowable<br>0x00200000 - Spellcaster<br>0x00400000 - Permanent Cloak<br>0x00800000 - Pickup Item(?)<br>0x01000000 - Ignore Supply Check<br>0x02000000 - Use Medium Overlays<br>0x04000000 - Use Large Overlays<br>0x08000000 - Battle Reactions<br>0x10000000 - Full Auto-Attack<br>0x20000000 - Invincible<br>0x40000000 - Mechanical Unit<br>0x80000000 - Produces Units(?),0x664080
293,6702096,1.16.1,0,223275,0,Units.dat - Transport Space Required,1,228,Simple Data,,0x664410
294,6702328,1.16.1,0,223333,0,Units.dat - Graphics (Flingy ID),1,228,Backed By Code,flingy.dat index,0x6644F8
295,6702560,1.16.1,0,223391,0,Units.dat - Max Hits (Ground),1,228,Simple Data,This value is for statistics purposes only (?),0x6645E0
296,6702792,1.16.1,0,223449,0,Units.dat - Supply Provided,1,228,Simple Data,The value is twice what you see in-game.,0x6646C8
250,6703024,1.16.1,0,223507,0,Units.dat - Has Shields,1,228,Simple Data,"Example: Unset &quot;has shields&quot; for Protoss Observatory<br><br>Base Address = 0x006647B0<br>Protoss Observatory Units.dat Index = 159 = 0x9F <br><br>0x006647B0 + 0x9F = 0x0066484F<br><br>0x0066484F is not divisible by 4, next lowest multiple of 4 = 0x0066484C<br>Went down by 3 bytes to reach the multiple of 4<br><br>Therefore, modify 0xFF00000 at 0x0066484C to change value at 0x0066484F<br><br>// set observatory &quot;has shields&quot; to 0<br>Masked MemoryAddr(0x0066484C, Set To, 0, 0xFF000000);",0x6647B0
297,6703256,1.16.1,0,223565,0,Units.dat - Idle Order,1,228,Simple Data,&quot;Return to Idle&quot; in DatEdit<br>Orders.dat index,0x664898
298,6703488,1.16.1,0,223623,0,Units.dat - Infestation Unit,2,96,Simple Data,Only exists for buildings (First entry is 106 Command Center),0x664980
372,6703680,1.16.1,0,223671,0,Orders.dat - Unknown 4,1,189,Simple Data,,0x664A40
373,6703872,1.16.1,0,223719,0,Orders.dat - Use Weapon Targetting,1,189,Simple Data,,0x664B00
374,6704064,1.16.1,0,223767,0,Orders.dat - Unknown 12,1,189,Simple Data,,0x664BC0
375,6704256,1.16.1,0,223815,0,Orders.dat - Unknown 11,1,189,Simple Data,,0x664C80
376,6704448,1.16.1,0,223863,0,Orders.dat - Animation,1,189,Simple Data,0 = Initial<br>1 = Death<br>2 = Ground Attack - Initial<br>3 = Air Attack - Initial<br>4 = Unused1<br>5 = Ground Attack - Repeat<br>6 = Air Attack - Repeat<br>7 = Cast Spell<br>8 = Return to Idle from Ground Attack<br>9 = Return to Idle from Air Attack<br>10 = Unused2<br>11 = Walking<br>12 = Return to Idle from Walking<br>13 = Special State 1 (Bouncing Animation)<br>14 = Special State 2<br>15 = Almost Built<br>16 = Built<br>17 = Landing<br>18 = Lift-Off<br>19 = Building Is Working<br>20 = Return to Idle from Working<br>21 = Warp In<br>22 = Unused 3<br>23 = Initial (StarEdit only)<br>24 = Disable<br>25 = Burrow<br>26 = UnBurrow<br>27 = Enable<br>28 = No Animation,0x664D40
377,6704640,1.16.1,0,223911,0,Orders.dat - Energy Technology,1,189,Simple Data,Techdata.dat index for energy,0x664E00
378,6704832,1.16.1,0,223959,0,Orders.dat - Highlight Button ID,2,189,Simple Data,cmdicons.grp frame index or 0xFFFF for none.,0x664EC0
379,6705216,1.16.1,0,224055,0,Orders.dat - Can Be Interrupted,1,189,Simple Data,,0x665040
380,6705408,1.16.1,0,224103,0,Orders.dat - Unknown 7,1,189,Simple Data,,0x665100
381,6705600,1.16.1,0,224151,0,Orders.dat - Unknown 9,1,189,Simple Data,,0x6651C0
382,6705792,1.16.1,0,224199,0,Orders.dat - Label ID,2,189,Simple Data,Doesn&#039;t do anything.,0x665280
383,6706176,1.16.1,0,224295,0,Orders.dat - Obscured Order,1,189,Simple Data,Orders.dat index<br>&quot;Order to be run if the target is obscured by the Fog-of-War.&quot;,0x665400
384,6706368,1.16.1,0,224343,0,Orders.dat - Can Be Obstructed?,1,189,Simple Data,,0x6654C0
385,6706560,1.16.1,0,224391,0,Orders.dat - Dat Reqs Offset,2,189,Simple Data,,0x665580
386,6706944,1.16.1,0,224487,0,Orders.dat - Can Be Queued,1,189,Simple Data,,0x665700
387,6707136,1.16.1,0,224535,0,Orders.dat - Unknown 5,1,189,Simple Data,,0x6657C0
388,6707328,1.16.1,0,224583,0,Orders.dat - Targeting,1,189,Simple Data,"Weapons.dat index<br>&quot;Weapon used by the order to determine the targeting rules, if &quot;Use Weapon Targeting&quot; is checked.&quot;",0x665880
389,6707520,1.16.1,0,224631,0,Orders.dat - Order is Secondary,1,189,Simple Data,Order goes in bSecondaryOrderID instead of bMainOrderID.,0x665940
390,6707712,1.16.1,0,224679,0,Orders.dat - Unknown 3,1,189,Simple Data,,0x665A00
329,6707904,1.16.1,0,224727,0,Sprites.dat - Selection Circle,1,387,Read Only,Images.dat reference starting at index 561.<br>Starts on sprites.dat entry 130.,0x665AC0
330,6708296,1.16.1,0,224825,0,Sprites.dat - Visible,1,517,Simple Data,,0x665C48
331,6708816,1.16.1,0,224955,0,Sprites.dat - HP Bar Length,1,387,Read Only,Starts on Sprites.dat ID 130.,0x665E50
332,6709208,1.16.1,0,225053,0,Sprites.dat - Selection Vertical Offset,1,387,Read Only,Starts on Sprites.dat ID 130.,0x665FD8
333,6709600,1.16.1,0,225151,0,Sprites.dat - Image Index,2,517,Simple Data,Images.dat index,0x666160
334,6710640,1.16.1,0,225411,0,Sprites.dat - Unknown,1,517,Backed By Code,Unknown flag.,0x666570
335,6711160,1.16.1,0,225541,0,Images.dat - Landing Dust Overlay,4,999,Read Only,images.tbl lo? index,0x666778
336,6715160,1.16.1,0,226541,0,Images.dat - Draw If Cloaked,1,999,Simple Data,,0x667718
337,6716160,1.16.1,0,226791,0,Images.dat - Special Overlay,4,999,Read Only,Images.tbl lo? index,0x667B00
338,6720160,1.16.1,0,227791,0,Images.dat - GRP File,4,999,Read Only,Images.tbl grp index,0x668AA0
708,6724160,1.16.1,0,229041,0,Images.dat - Remapping Table,1,999,Backed By Code,If Drawing Function is 9: <br>0 = No remapping <br>1 = ofire.pcx (Orange) <br>2 = gfire.pcx (Green) <br>3 = bfire.pcx (Blue) <br>4 = bexpl.pcx (Blue2) <br>5 = Special (Own cloak) <br>6 = (crash) <br>7 = (crash) <br>8 = Unk8 (?) <br>9 = Unk9 (?),0x669A40
339,6725160,1.16.1,0,228791,0,Images.dat - Drawing Function,1,999,Simple Data,0 - normal<br>1 - doesn&#039;t draw hallucination<br>2 - non-vision cloaking<br>3 - non-vision cloaked<br>4 - non-vision uncloaking<br>5 - vision cloaking<br>6 - vision cloaked<br>7 - vision uncloaking<br>8 - EMP<br>9 - uses remapping<br>10 - shadow<br>11 - HP bar<br>12 - warp texture<br>13 - selection circle remapping<br>14 - draw original player color (used for flags -- player color stored in coloring data)<br>15 - draw update rect<br>16 - hallucination<br>17 - warp flash,0x669E28
341,6726160,1.16.1,0,229291,0,Images.dat - Damage Overlay,4,999,Read Only,Images.tbl lof pointer,0x66A210
342,6730160,1.16.1,0,230291,0,Images.dat - Attack Overlay,4,999,Read Only,images.dat lo? index,0x66B1B0
343,6734160,1.16.1,0,231291,0,Images.dat - Clickable,1,999,Simple Data,,0x66C150
344,6735160,1.16.1,0,231541,0,Images.dat - Sheilds Overlay,4,999,Read Only,None = 0<br>Small = 133<br>Medium = 2<br>Large = 184,0x66C538
345,6739160,1.16.1,0,232541,0,Images.dat - Use Full Iscript,1,999,Simple Data,,0x66D4D8
346,6740160,1.16.1,0,232791,0,Images.dat - Lift-off Dust Overlay,4,999,Read Only,images.tbl lod index,0x66D8C0
347,6744160,1.16.1,0,233791,0,Images.dat - Graphics Turns,1,999,Simple Data,,0x66E860
348,6745160,1.16.1,0,234041,0,Images.dat - Iscript ID,4,999,Backed By Code,Iscript.bin ID,0x66EC48
819,6865156,1.16.1,0,264040,0,AIScript pointer,4,1,Backed By Code,,0x68C104
820,6865160,1.16.1,0,264041,0,BWScript pointer,4,1,Backed By Code,,0x68C108
828,6865220,1.16.1,0,264056,0,Send Message Type,4,1,Simple Data,Can be used to check if send message box is open (At Least 1),0x68C144
570,6865228,1.16.1,0,264058,0,Current Button Set,4,1,Simple Data,"The button set ID of the currently selected single unit. There is a 1-to-1 relationship between unit ID and it&#039;s button set, eg the buttonset for terran ghost is ID 1.<br><br>There are also several group buttonsets, for when multiple workers, or burrowable, or cloakable units etc selected:<br>* 244 - generic units, shows move/stop/attack/guard/patrol buttons<br>* 245 - workers, shows move/stock/attack + gather and return resources buttons<br>* 246 - cloakable units, as per &#039;generic&#039; + cloak/decloak buttons<br>* 247 - burrowable units, as per &#039;generic&#039; + burrow/unburrow buttons<br><br>Refer to button tabs in Firegraft.<br><br>Through experimentation, buttons occasionally have a delay of up to 2-3 seconds before changes in game state will update the button status (eg when a new tech is available, a button that relies on that tech may stay greyed out for 2-3 seconds). Setting this address with a different value (eg 244) is a way to force a refresh for the currently displayed button set.<br><br>Note that SC constantly updates this address to reflect the current unit&#039;s actual button set, to prevent units from being able to action commands that they shouldn&#039;t have access to (the infamous 1.13 patch series to stop any building from making any unit).",0x68C14C
816,6865396,1.16.1,0,264100,0,TranWire.grp pointer,4,1,Backed By Code,Overwriting a particular unit&#039;s frame offset with a different frame offset can change the image used for that unit.<br><br>GRP header:<br>u16 frameCount<br>u16 width<br>u16 height<br><br>GRP Frame (* frameCount)<br>u8 x<br>u8 y<br>u8 w<br>u8 h<br>u32 offset,0x68C1F4
817,6865404,1.16.1,0,264102,0,GrpWire.grp Pointer,4,1,Backed By Code,Overwriting a particular unit&#039;s frame offset with a different frame offset can change the image used for that unit.<br><br>GRP header:<br>u16 frameCount<br>u16 width<br>u16 height<br><br>GRP Frame (* frameCount)<br>u8 x<br>u8 y<br>u8 w<br>u8 h<br>u32 offset,0x68C1FC
818,6865412,1.16.1,0,264104,0,Wirefram.grp Pointer,4,1,Backed By Code,Overwriting a particular unit&#039;s frame offset with a different frame offset can change the image used for that unit.<br><br>GRP header:<br>u16 frameCount<br>u16 width<br>u16 height<br><br>GRP Frame (* frameCount)<br>u8 x<br>u8 y<br>u8 w<br>u8 h<br>u32 offset,0x68C204
645,6865992,1.16.1,0,264249,0,Sfxdata.dat - minVolume,1,1144,,Unknown 4,0x68C448
643,6867136,1.16.1,0,264535,0,Sfxdata.dat - Flags,1,1144,,Value is some combination of:<br>- 1 preload<br>- 2 unitSpeech<br>- 16 oneAtTime<br>- 32 neverPreempt,0x68C8C0
644,6868280,1.16.1,0,264821,0,Sfxdata.dat - lengthAdjust,2,1144,,Unknown 3,0x68CD38
642,6870568,1.16.1,0,265393,0,Sfxdata.dat - Priority,1,1144,,Unknown 1,0x68D628
641,6871712,1.16.1,0,265679,0,Sfxdata.dat - Sound file,4,1144,,Direct pointer to SFXData.tbl string. This can be changed as long as the wav hasn&#039;t been loaded. This means that any wav without the &#039;preload&#039; flag should be able to be pointed to a different wav file.,0x68DAA0
323,7116888,1.16.1,0,326973,0,Flingy.dat - Movement Control,1,209,Simple Data,"0 = Flingy.dat Control<br>1 = Partially Mobile, Weapon<br>2 = Iscript.bin Control",0x6C9858
324,7117104,1.16.1,0,327027,0,Flingy.dat - Halt Distance,4,209,Simple Data,Measured in pixels*256,0x6C9930
325,7117944,1.16.1,0,327237,0,Flingy.dat - Acceleration,2,209,Simple Data,Measured in pixels-per-frame.,0x6C9C78
326,7118368,1.16.1,0,327343,0,Flingy.dat - Turn Radius,1,209,Simple Data,,0x6C9E20
327,7118584,1.16.1,0,327397,0,Flingy.dat - Top Speed,4,209,Simple Data,"Measured in pixels-per-frame, but written as &quot;Speed*(320/3)&quot;",0x6C9EF8
661,7119424,1.16.1,0,327607,0,Flingy.dat - Unused,1,209,Simple Data,Unused in DatEdit,0x6CA240
328,7119640,1.16.1,0,327661,0,Flingy.dat - Sprite Index,2,209,Simple Data,Sprites.dat index,0x6CA318
569,7121229,1.16.1,0,0,0,Displayed HP,4,1,,The current HP of the selected unit.,0x6CA94D
417,7121392,1.16.1,0,328099,0,Unit being Produced,4,1,Unsupported,Set value to 1 to detect any unit currently being trained on any building.<br><br>Not fully tested.,0x6CA9F0
922,7134656,1.16.1,0,331415,0,Mouse Button State,4,1,Simple Data,"2: Left button pressed. 8: Right button pressed. 32: Middle button pressed<br>Edited by PereC, 2021.03.29",0x6CDDC0
542,7134660,1.16.1,0,331416,0,Mouse Coordinate X,4,1,Simple Data,Relative to the screen.,0x6CDDC4
543,7134664,1.16.1,0,331417,0,Mouse Coordinate Y,4,1,Simple Data,Relative to the screen.,0x6CDDC8
401,7135188,1.16.1,0,331548,0,Game Speed,4,1,Backed By Code,The current game speed. The values are as follows:<br><br>0 = Slowest<br>1 = Slower<br>2 = Slow<br>3 = Normal<br>4 = Fast<br>5 = Faster<br>6 = Fastest<br><br>Note:<br>SC:R no longer uses this address. The value is always 0 in SC:R.,0x6CDFD4
399,7135200,1.16.1,0,331551,0,Music Volume,4,1,Backed By Code,0-100 for music volume<br>Note:<br>SC:R no longer uses this address. The value is always 0 in SC:R.,0x6CDFE0
400,7135204,1.16.1,0,331552,0,Digital Volume,4,1,Backed By Code,0-100 for sound volume<br>Note:<br>SC:R no longer uses this address. The value is always 0 in SC:R.,0x6CDFE4
834,7146600,1.16.1,0,334401,0,Creep Tile Backup Buffer,4,1,Unsupported,Pointer to the u16 buffer that stores the tile IDs of tiles overwritten by creep in the Active Map Tile buffer. Values are normally 0 until a creep tile replaces them.,0x6D0C68
835,7146604,1.16.1,0,334402,0,Tile Buffer Height,4,1,Unsupported,Copy of Map Height?,0x6D0C6C
836,7146608,1.16.1,0,334403,0,Tile Function Pointers,4,4,Unsupported,0x006D0C70 -&gt; 0x0047E2D0 -- refreshes map tiles for drawing?<br>0x006D0C74 -&gt; isCreepCovered -- checks if a tile is creep<br>0x006D0C78 -&gt; isTileVisible -- checks if a player can see the tile<br>0x006D0C7C -&gt; null pointer? -- I couldn&#039;t find what function is actually put here<br><br>,0x6D0C70
840,7147136,1.16.1,0,334535,0,Creep Overlay Buffer,4,1,Unsupported,Pointer to u8 flags relating to the creep overlay for each map tile.,0x6D0E80
829,7147140,1.16.1,0,334536,0,Active Tile Buffer,4,1,Unsupported,Pointer to u16 array of active map tiles.,0x6D0E84
837,7147272,1.16.1,0,334569,0,Tile Buffer Width,4,1,Unsupported,Copy of Map Width,0x6D0F08
713,7147312,1.16.1,0,334579,0,Replay Header,633,1,Read Only,https://github.com/bwapi/bwapi/blob/master/bwapi/BWAPI/Source/BW/Replay.h,0x6D0F30
714,7147312,1.16.1,0,334579,0,Replay Header - Is Broodwar,1,1,Read Only,,0x6D0F30
715,7147313,1.16.1,0,334579,1,Replay Header - Frame Count,4,1,Read Only,,0x6D0F31
716,7147317,1.16.1,0,334580,1,Replay Header - Campaign ID,2,1,Read Only,,0x6D0F35
717,7147319,1.16.1,0,334580,3,Replay Header - Command ID,1,1,Read Only,struct gameSeed,0x6D0F37
718,7147320,1.16.1,0,334581,0,Replay Header - Rand Seed,4,1,Read Only,struct gameSeed. Unix time on game start.(The number of seconds that have elapsed since 00:00:00 UTC on 1 January 1970),0x6D0F38
719,7147324,1.16.1,0,334582,0,Replay Header - Player Bytes,1,8,Read Only,struct gameSeed,0x6D0F3C
720,7147332,1.16.1,0,334584,0,Replay Header - Unknown_0,4,1,Read Only,struct networkGameHeader,0x6D0F44
568,7147336,1.16.1,0,334585,0,Replay Header -   ,25,1,Read Only, ?<br>&quot;This is the name that the host has chosen when creating the game.&quot;<br><br>struct networkGameHeader<br>,0x6D0F48
721,7147360,1.16.1,0,334591,0,Replay Header - Game flags,4,1,Read Only,struct networkGameHeader,0x6D0F60
664,7147364,1.16.1,0,334592,0,Replay Header - MapSize,2,2,Read Only,2Byte MapWidth<br>2Byte MapHeight<br><br>struct networkGameHeader,0x6D0F64
722,7147368,1.16.1,0,334593,0,Replay Header - Active Player Count,1,1,Read Only,struct networkGameHeader,0x6D0F68
723,7147369,1.16.1,0,334593,1,Replay Header - Available Slots,1,1,Read Only,struct networkGameHeader,0x6D0F69
724,7147370,1.16.1,0,334593,2,Replay Header - Game Speed,1,1,Read Only,struct networkGameHeader,0x6D0F6A
725,7147371,1.16.1,0,334593,3,Replay Header - Game State,1,1,Read Only,struct networkGameHeader,0x6D0F6B
726,7147372,1.16.1,0,334594,0,Replay Header - Game Type,1,1,Read Only,struct networkGameHeader,0x6D0F6C
727,7147373,1.16.1,0,334594,1,Replay Header - Unknown_1,1,1,Read Only,struct networkGameHeader,0x6D0F6D
728,7147374,1.16.1,0,334594,2,Replay Header - Game Subtype,2,1,Read Only,struct networkGameHeader,0x6D0F6E
729,7147376,1.16.1,0,334595,0,Replay Header - Seed (Unused),4,1,Read Only,struct networkGameHeader,0x6D0F70
730,7147380,1.16.1,0,334596,0,Replay Header - Tileset,2,1,Read Only,struct networkGameHeader,0x6D0F74
731,7147382,1.16.1,0,334596,2,Replay Header - Autosaved,1,1,Read Only,struct networkGameHeader,0x6D0F76
732,7147383,1.16.1,0,334596,3,Replay Header- Computer Player Count,1,1,Read Only,struct networkGameHeader,0x6D0F77
733,7147384,1.16.1,0,334597,0,Replay Header - Game Name,1,25,Read Only,struct networkGameHeader,0x6D0F78
734,7147409,1.16.1,0,334603,1,Replay Header - Map Name,1,24,Read Only,struct networkGameHeader,0x6D0F91
735,7147441,1.16.1,0,334611,1,Replay Header - Game Type,1,1,Read Only,struct networkGameHeader.gameTemplateInfo,0x6D0FB1
736,7147442,1.16.1,0,334611,2,Replay Header - Unknown,1,1,Read Only,struct networkGameHeader.gameTemplateInfo,0x6D0FB2
737,7147443,1.16.1,0,334611,3,Replay Header - Subtype,2,1,Read Only,struct networkGameHeader.gameTemplateInfo,0x6D0FB3
738,7147445,1.16.1,0,334612,1,Replay Header - Subtype display,2,1,Read Only,struct networkGameHeader.gameTemplateInfo,0x6D0FB5
739,7147447,1.16.1,0,334612,3,Replay Header - Subtype Label,2,1,Read Only,struct networkGameHeader.gameTemplateInfo,0x6D0FB7
740,7147449,1.16.1,0,334613,1,Replay Header - Victory Condition,1,1,Read Only,struct networkGameHeader.gameTemplateInfo,0x6D0FB9
741,7147450,1.16.1,0,334613,2,Replay Header - Resource Type,1,1,Read Only,struct networkGameHeader.gameTemplateInfo,0x6D0FBA
742,7147451,1.16.1,0,334613,3,Replay Header - Use Standard Units,1,1,Read Only,boolean<br><br>struct networkGameHeader.gameTemplateInfo,0x6D0FBB
743,7147452,1.16.1,0,334614,0,Replay Header - Fog of War (Unused),1,1,Read Only,struct networkGameHeader.gameTemplateInfo,0x6D0FBC
744,7147453,1.16.1,0,334614,1,Replay Header - Starting Units,1,1,Read Only,struct networkGameHeader.gameTemplateInfo,0x6D0FBD
745,7147454,1.16.1,0,334614,2,Replay Header - Use Fixed Positions,1,1,Read Only,boolean<br><br>struct networkGameHeader.gameTemplateInfo,0x6D0FBE
746,7147455,1.16.1,0,334614,3,Replay Header - Usage Restriction Flags,1,1,Read Only,struct networkGameHeader.gameTemplateInfo,0x6D0FBF
747,7147456,1.16.1,0,334615,0,Replay Header - Allies Allowed,1,1,Read Only,boolean<br><br>struct networkGameHeader.gameTemplateInfo,0x6D0FC0
748,7147457,1.16.1,0,334615,1,Replay Header - Teams,1,1,Read Only,struct networkGameHeader.gameTemplateInfo,0x6D0FC1
749,7147458,1.16.1,0,334615,2,Replay Header - Cheats,1,1,Read Only,boolean<br><br>struct networkGameHeader.gameTemplateInfo,0x6D0FC2
750,7147459,1.16.1,0,334615,3,Replay Header - Tournament Mode,1,1,Read Only,struct networkGameHeader.gameTemplateInfo,0x6D0FC3
751,7147460,1.16.1,0,334616,0,Replay Header - Victory Condition Value,4,1,Read Only,struct networkGameHeader.gameTemplateInfo,0x6D0FC4
752,7147464,1.16.1,0,334617,0,Replay Header - Resources Value,4,1,Read Only,struct networkGameHeader.gameTemplateInfo,0x6D0FC8
753,7147468,1.16.1,0,334618,0,Replay Header - Unused value,4,1,Read Only,struct networkGameHeader.gameTemplateInfo,0x6D0FCC
754,7147472,1.16.1,0,334619,0,Replay Header - Extra,1,1,Read Only,struct networkGameHeader.gameTemplateInfo,0x6D0FD0
755,7147473,1.16.1,0,334619,1,Replay Header - Player Entries,36,12,Read Only,Unfortunately this struct is not dword-aligned.<br><br>+0 - u32 slot (0x006D0FD1)<br>+4 - u32 storm ID (0x006D0FD5)<br>+8 - u8 type (0x006D0FD9)<br>+9 - u8 race (0x006D0FDA)<br>+A - u8 team (0x006D0FDB)<br>+B - char name[25] (0x006D0FDC)<br><br>For next player add 9 player ID&#039;s.,0x6D0FD1
756,7147905,1.16.1,0,334727,1,Replay Header - Player Colors,4,8,Read Only,,0x6D1181
757,7147937,1.16.1,0,334735,1,Replay Header - Player Force Data,1,8,Read Only,,0x6D11A1
709,7148032,1.16.1,0,334759,0,iscript.bin pointer,4,1,Backed By Code,,0x6D1200
666,7148088,1.16.1,0,334773,0,stat_txt.tbl pointer,4,1,Backed By Code,,0x6D1238
838,7148128,1.16.1,0,334783,0,Tile Flags Pointer,4,1,Backed By Code,"Pointer to (Map Width)x(Map Height) array of u32 flags:<br>0x000000xx - Visibility Flags -- bits correspond to each player<br>0x0000xx00 - Explored Flags -- bits correspond to each player<br>0x00010000 - Walkable<br>0x00020000 - Unused?<br>0x00040000 - Unwalkable<br>0x00080000 - Unused?<br>0x00100000 - Unused?<br>0x00200000 - Unused?<br>0x00400000 - Has Creep<br>0x00800000 - Unbuildable (i.e., water tiles)<br>0x01000000 - Low Ground<br>0x02000000 - Med Ground<br>0x04000000 - High Ground<br>0x08000000 - Occupied (i.e. contains a building)<br>0x10000000 - Creep Receeding<br>0x20000000 - Cliff Edge<br>0x40000000 - Temporary Creep<br>0x80000000 - Unused?<br><br>Taken from: https://github.com/bwapi/bwapi/blob/master/bwapi/BWAPI/Source/BW/Structures.h#L80",0x6D1260
403,7166572,1.16.1,0,339394,0,Cheat Flags,4,1,Simple Data,"Setting cheat flags will work in multiplayer games, but maybe not as expected.<br><br>00000001 **Black Sheep Wall<br>00000002 Operation CWAL<br>00000004 Power Overwhelming<br>00000008 *Something For Nothing<br>00000010 *Show Me The Money<br>00000040 Game Over Man<br>00000080 There Is No Cow Level<br>00000100 Staying Alive<br>00000200 Ophelia<br>00000800 The Gathering<br>00001000 Medieval Man<br>00002000 Modify The Phase Variance<br>00004000 **War Aint What It Used To Be<br>00020000 Food For Thought<br>00040000 *Whats Mine Is Mine<br>00080000 *Breathe Deep<br>20000000 noglues<br><br>* If any of these are enabled and you use any cheat it will instead disable these and do their action (and since you can&#039;t use cheats in multiplayer they are useless there.)<br>** If you enable these in Multiplayer they will be automatically disabled.<br>28000200 - These flags apparently do not clear at the start of a game.<br>Radio Free Zerg doesn&#039;t use these flags.",0x6D5A6C
404,7166896,1.16.1,0,0,0,Music ID,4,1,,Change this value and toggle music and it will play a different sound track.<br>0 = Off<br>1 = Zerg 1<br>2 = Zerg 2<br>3 = Zerg 3<br>4 = Terran 1<br>5 = Terran 2<br>6 = Terran 3<br>7 = Protoss 1<br>8 = Protoss 2<br>9 = Protoss 3<br>10 = Zerg Briefing Room<br>11 = Terran Briefing Room<br>12 = Protoss Briefing Room<br>13 = Zerg Defeat<br>14 = Terran Defeat<br>15 = Protoss Defeat<br>16 = Zerg Victory<br>17 = Terran Victory<br>18 = Protoss Victory<br>19 = Zerg Victory<br>20 = Terran Victory<br>21 = Protoss Victory<br>22 = Title/Menu Music<br>23 = Terran 2 (Credits?)<br>24 = Radio Free Zerg<br>Others crash.,0x6D5BB0
244,7166910,1.16.1,0,0,0,Minimap State,4,1,,"Minimap State -<br>Pressing Tab, Shift+tab changes this 0x00 - default<br>0x01 - Enemies red, allies yellow<br>0x02 - Enemies red, allies yellow, ememy units red, ally units yellow, your units teal",0x6D5BBE
839,7167688,1.16.1,0,339673,0,CV5 Pointer,4,1,Backed By Code,,0x6D5EC8
710,352708208,1.16.1,0,86724803,0,Storm Graphics Palette,4,256,Read Only,,0x1505E670
711,419717432,1.16.1,0,103477109,0,Battle.snp Join Channel,4,1,Simple Data,,0x19046138
712,419717436,1.16.1,0,103477110,0,Battle.snp Join Channel,4,1,Simple Data,,0x1904613C
